evidence_id,org_id,parent_type,parent_id,filename,checksum,gps_lat,gps_lon,timestamp,uploader_id,classification,has_local_image
EVID-0001,ORG-0001,inspection,INSP-0001,field_01.jpg,25286972feba3b8d9f76d5e8b7c1ad990dea88f48e0af37863a1d242e9300632,-33.4000,25.4400,2026-06-01T11:00:00Z,USER-0001,photo,Y
EVID-0002,ORG-0002,inspection,INSP-0002,field_02.jpg,6768e9da3a072c380ba5c13f02c0b4684333e7dc976e71c9ae3bb074851e6596,-33.3877,25.4400,2026-06-01T14:00:00Z,USER-0002,photo,Y
EVID-0003,ORG-0003,inspection,INSP-0003,field_03.jpg,f726b58765fafbdb6fc82c45c9057f18eeac38c93829055047801ea23d5a0590,-33.3754,25.4511,2026-06-01T17:00:00Z,USER-0003,photo,Y
EVID-0004,ORG-0004,inspection,INSP-0004,field_04.jpg,55fa2e29784c185b8a514f39e5ed1e05f66b3225db97682624ebb449ebf4cca0,-33.3631,25.4511,2026-06-01T20:00:00Z,USER-0004,photo,Y
EVID-0005,ORG-0005,inspection,INSP-0005,field_05.jpg,a486b40478838371f0b92934ab460f265da3004a595eb55662d3f3fd36e9a01a,-33.3508,25.4622,2026-06-01T23:00:00Z,USER-0005,photo,Y
EVID-0006,ORG-0001,inspection,INSP-0006,field_06.jpg,00bf77e7ea1ffa148a471314f2c0bd7d7771717582819de78ee7d4c074b6bcd5,-33.3385,25.4622,2026-06-02T02:00:00Z,USER-0006,photo,Y
EVID-0007,ORG-0002,inspection,INSP-0007,field_07.jpg,bbffeebe0d2ab66e0d0b817b388f73cc5c420e49401d6d07f099e0cb7e1b255e,-33.3262,25.4733,2026-06-02T05:00:00Z,USER-0007,photo,Y
EVID-0008,ORG-0003,inspection,INSP-0008,field_08.jpg,49c881b4460c3178a55d4d72cd309c6778eaa287e865bebf0f8c04994e7d52ec,-33.3139,25.4733,2026-06-02T08:00:00Z,USER-0008,photo,Y
EVID-0009,ORG-0004,inspection,INSP-0009,field_09.jpg,2c8dfbf4bda9f5a412c6919291720887226188c3eeb6af16ea09a94c8cadd198,-33.3016,25.4844,2026-06-02T11:00:00Z,USER-0009,photo,Y
EVID-0010,ORG-0005,inspection,INSP-0010,field_10.jpg,b6a249d9346a8b310e2d396843f084b2b29f8dc088105541b0486e959b7ef620,-33.2893,25.4844,2026-06-02T14:00:00Z,USER-0010,photo,Y
EVID-0011,ORG-0001,inspection,INSP-0011,field_11.jpg,87149505c6d7df2b1dd64232dd41781f16dad3c2262e79506aaed003ef31f15c,-33.4000,25.4955,2026-06-02T17:00:00Z,USER-0011,photo,Y
EVID-0012,ORG-0002,inspection,INSP-0012,field_12.jpg,0be750e489b52066a93dd3c1687c705faff8a3c6f0794efd6087433de6560d75,-33.3877,25.4955,2026-06-02T20:00:00Z,USER-0012,photo,Y
EVID-0013,ORG-0003,inspection,INSP-0013,field_13.jpg,62a82b0ed1af06b0f382f56f8a15fac24fb11061b7286218ac5d80233759ca57,-33.3754,25.5066,2026-06-02T23:00:00Z,USER-0013,photo,Y
EVID-0014,ORG-0004,inspection,INSP-0014,field_14.jpg,bca0883f68f960dc568aadafa8ab1dcb8e7e32fd8eaddf128f95f004de2380b2,-33.3631,25.5066,2026-06-03T02:00:00Z,USER-0014,photo,Y
EVID-0015,ORG-0005,inspection,INSP-0015,field_15.jpg,7314d4615506514537522b3f854fa059aa5dd6f0ae4fc80d889e6068513ef505,-33.3508,25.5177,2026-06-03T05:00:00Z,USER-0015,photo,Y
EVID-0016,ORG-0001,inspection,INSP-0016,field_16.jpg,bc6732a545465a2b8030fedd35816af32e72bfd06db2554594d04387fac8327f,-33.3385,25.5177,2026-06-03T08:00:00Z,USER-0016,photo,Y
EVID-0017,ORG-0002,inspection,INSP-0017,field_17.jpg,71a4db520892577e49a0fecc36c796e235aa74f8923fcd546827dc50c959a76f,-33.3262,25.5288,2026-06-03T11:00:00Z,USER-0017,photo,Y
EVID-0018,ORG-0003,inspection,INSP-0018,field_18.jpg,bc1da733204f10f236b50360707242a5465256c8c2f48def268c2ed6cc6c470d,-33.3139,25.5288,2026-06-03T14:00:00Z,USER-0018,photo,Y
EVID-0019,ORG-0004,inspection,INSP-0019,field_19.jpg,e77f331ad3b53af49f2381ef568dd2a733673722a80b161c4b27a6fec7a26865,-33.3016,25.5399,2026-06-03T17:00:00Z,USER-0019,photo,Y
EVID-0020,ORG-0005,inspection,INSP-0020,field_20.jpg,738d5686798cc1fbd768cf9638aa49979edc4ba857478db219096ea6a4572ae0,-33.2893,25.5399,2026-06-03T20:00:00Z,USER-0020,photo,Y
EVID-0021,ORG-0001,inspection,INSP-0021,field_21.jpg,d643bb013c087af6fab708db7fca3259125048c6e53622d24dbe9ebe1bd35274,-33.4000,25.4400,2026-06-03T23:00:00Z,USER-0001,photo,Y
EVID-0022,ORG-0002,inspection,INSP-0022,field_22.jpg,56c07284de35c36c917cfc012db4812dc313688d366591575a5c5c878eae8feb,-33.3877,25.4400,2026-06-04T02:00:00Z,USER-0002,photo,Y
EVID-0023,ORG-0003,inspection,INSP-0023,field_23.jpg,0ddbcc3277c99f5aaad80da2a65044f0a0c3f0db14aba6f689ec31c6bf8c9cb8,-33.3754,25.4511,2026-06-04T05:00:00Z,USER-0003,photo,Y
EVID-0024,ORG-0004,inspection,INSP-0024,field_24.jpg,c87888dbb90b12195e0eb3d6a6bad21e0cf5a1544b7b657beadfdfd2f46c7e04,-33.3631,25.4511,2026-06-04T08:00:00Z,USER-0004,photo,Y
EVID-0025,ORG-0005,inspection,INSP-0025,field_25.jpg,5109a1fae1cdb1d7b3cfbb643cd8faff7d42a2d42166e665e9c30c745e2c5cf3,-33.3508,25.4622,2026-06-04T11:00:00Z,USER-0005,photo,Y
EVID-0026,ORG-0001,inspection,INSP-0026,field_26.jpg,ac14596a26aec657e9300a9b740975c53c6a6253a03465139f283c16a4b64cb4,-33.3385,25.4622,2026-06-04T14:00:00Z,USER-0006,photo,Y
EVID-0027,ORG-0002,inspection,INSP-0027,field_27.jpg,4013148be5c00ea40911f885867c759ece8902fb00d95959afd3e2017ecc249e,-33.3262,25.4733,2026-06-04T17:00:00Z,USER-0007,photo,Y
EVID-0028,ORG-0003,inspection,INSP-0028,field_28.jpg,605f3de679012f7f6a0558bc31962e4ac8059c03e936d3ca6dcc4ef9f959e2c6,-33.3139,25.4733,2026-06-04T20:00:00Z,USER-0008,photo,Y
EVID-0029,ORG-0004,inspection,INSP-0029,field_29.jpg,b333d8c7edba0f07e6f91048bd7a7b957d3df65afb8e3301690a39e6e6b2ed13,-33.3016,25.4844,2026-06-04T23:00:00Z,USER-0009,photo,Y
EVID-0030,ORG-0005,inspection,INSP-0030,field_30.jpg,d755974c158fe5d3311ba7ee180a2be789c645ec9897605dff08fa51b959bdf4,-33.2893,25.4844,2026-06-05T02:00:00Z,USER-0010,photo,Y
EVID-0031,ORG-0001,inspection,INSP-0031,note_evid-0031.txt,75567698b79161cfa4b2fda84a3d9390c3fe8251296297190f5fdb8458a714c1,-33.4000,25.4955,2026-06-05T05:00:00Z,USER-0011,note,N
EVID-0032,ORG-0002,inspection,INSP-0032,note_evid-0032.txt,38b0a8c647a7530dbf969ba74ae642f48b9fce3c95838903438cbee65a24833f,-33.3877,25.4955,2026-06-05T08:00:00Z,USER-0012,note,N
EVID-0033,ORG-0003,inspection,INSP-0033,note_evid-0033.txt,6cb8de675b61f39ae154a89f893024f12413338ee899aac5d17d6d71ec498e66,-33.3754,25.5066,2026-06-05T11:00:00Z,USER-0013,note,N
EVID-0034,ORG-0004,inspection,INSP-0034,note_evid-0034.txt,a8227903e7b53ec078ecefdaddce453452e55985097ab5573eb0ff8092498abc,-33.3631,25.5066,2026-06-05T14:00:00Z,USER-0014,note,N
EVID-0035,ORG-0005,incident,INC-0005,note_evid-0035.txt,4d17374ac36af63f5aa9acd2ac930e610e32781988e3d3ec44b546ee0fb888ca,-33.3508,25.4622,2026-07-06T09:00:00Z,USER-0005,note,N
EVID-0036,ORG-0001,inspection,INSP-0036,note_evid-0036.txt,9665aa058de5e2e4fd749a5362cc11f826f86e6bbbe976e5ea239735f52c5b2b,-33.3385,25.5177,2026-06-05T20:00:00Z,USER-0016,note,N
EVID-0037,ORG-0002,inspection,INSP-0037,note_evid-0037.txt,450cfffd345e70d052c951c9a7317f1162874ed89138ce9ff8bd300393adc4ac,-33.3262,25.5288,2026-06-05T23:00:00Z,USER-0017,note,N
EVID-0038,ORG-0003,inspection,INSP-0038,note_evid-0038.txt,e1c85545521f6afecd86c185849f77964f7abcab25ba2ee212e57f0b74482bcf,-33.3139,25.5288,2026-06-06T02:00:00Z,USER-0018,note,N
EVID-0039,ORG-0004,inspection,INSP-0039,note_evid-0039.txt,16d1add4372b6d378bbf653f6965d803975c173d92c3b99c15a7e5eff389184a,-33.3016,25.5399,2026-06-06T05:00:00Z,USER-0019,note,N
EVID-0040,ORG-0005,incident,INC-0010,note_evid-0040.txt,10b743feb27617d9b0c332c8fae7baad68db0d67c42a110ebccdfb66dac8f80a,-33.2893,25.4844,2026-07-11T09:00:00Z,USER-0010,note,N
EVID-0041,ORG-0001,inspection,INSP-0041,note_evid-0041.txt,5b06d08b03c4f85f6979700ec2bc40cf9da5a942a21eccddb4181e3c1c6cc247,-33.4000,25.4400,2026-06-06T11:00:00Z,USER-0001,note,N
EVID-0042,ORG-0002,inspection,INSP-0042,note_evid-0042.txt,403476b254b429a1db9e3bee97f4e11d31c083270dc07df623fc2e859d85003d,-33.3877,25.4400,2026-06-06T14:00:00Z,USER-0002,note,N
EVID-0043,ORG-0003,inspection,INSP-0043,note_evid-0043.txt,06aa9344f51b9359df347913e3337d9de5d13f191e002999b8387556f62b63f1,-33.3754,25.4511,2026-06-06T17:00:00Z,USER-0003,note,N
EVID-0044,ORG-0004,inspection,INSP-0044,note_evid-0044.txt,c7da0395533e35cdacc84ff5807911944ee273e0edbf941dd4b701453139c0ae,-33.3631,25.4511,2026-06-06T20:00:00Z,USER-0004,note,N
EVID-0045,ORG-0005,incident,INC-0015,note_evid-0045.txt,87332685c8c5c812f98e9a3f2abf2e1a3dfcf8a59268666867359c69ad9781e2,-33.3508,25.5177,2026-07-16T09:00:00Z,USER-0015,note,N
EVID-0046,ORG-0001,inspection,INSP-0046,note_evid-0046.txt,5521ea5c29151c79819c4bddde3164e2cf5b5bdbecb8649010dd13338d3f282c,-33.3385,25.4622,2026-06-07T02:00:00Z,USER-0006,note,N
EVID-0047,ORG-0002,inspection,INSP-0047,note_evid-0047.txt,8bc8c16252b76c1d399c146835f72b79535c322c99f2dcb76365142b3a484e22,-33.3262,25.4733,2026-06-07T05:00:00Z,USER-0007,note,N
EVID-0048,ORG-0003,inspection,INSP-0048,note_evid-0048.txt,a2967d6cb6787fd28529bdad3cdb9476d01f9c71cbdf87cf687ecd9730e2a4d8,-33.3139,25.4733,2026-06-07T08:00:00Z,USER-0008,note,N
EVID-0049,ORG-0004,inspection,INSP-0049,note_evid-0049.txt,b55504f31fb9f76a18fadf9493a8f9e43b232fda158e3afc4d8571f60cc39ecd,-33.3016,25.4844,2026-06-07T11:00:00Z,USER-0009,note,N
EVID-0050,ORG-0005,incident,INC-0020,note_evid-0050.txt,6580b381af5d261de92a87f54cd1ad68ef8bc5a1be196ae55b1b6d1cdcf8ffd3,-33.2893,25.5399,2026-07-21T09:00:00Z,USER-0020,note,N
EVID-0051,ORG-0001,inspection,INSP-0051,note_evid-0051.txt,891bc7e2bd12b27209d9efd661c630b66cc4fae21e3920f50e71f21a249578ad,-33.4000,25.4400,2026-06-07T17:00:00Z,USER-0011,note,N
EVID-0052,ORG-0002,inspection,INSP-0052,note_evid-0052.txt,f67344dd469edb982bd4e674db9901df1d7fb90ae27302702ed8f361af20626f,-33.3877,25.4400,2026-06-07T20:00:00Z,USER-0012,note,N
EVID-0053,ORG-0003,inspection,INSP-0053,note_evid-0053.txt,2dca2238462557b2f83c8664c76ad761cab3a7509552cf372e93f97b46fec36b,-33.3754,25.4511,2026-06-07T23:00:00Z,USER-0013,note,N
EVID-0054,ORG-0004,inspection,INSP-0054,note_evid-0054.txt,165cf3089877f2baa1e9791fd9bdc3a3ff94a97d1cda42728607b7bdd4fc2a18,-33.3631,25.4511,2026-06-08T02:00:00Z,USER-0014,note,N
EVID-0055,ORG-0005,incident,INC-0025,note_evid-0055.txt,65aa440f6768d9aae528bdb92f43fc827d0bbb4aca75869a8b56753adc74822b,-33.3508,25.4622,2026-07-26T09:00:00Z,USER-0005,note,N
EVID-0056,ORG-0001,inspection,INSP-0056,note_evid-0056.txt,956ad261bc6274922a5952a37bc663180d8fcfd160c6b7035551e837763d5f72,-33.3385,25.4622,2026-06-08T08:00:00Z,USER-0016,note,N
EVID-0057,ORG-0002,inspection,INSP-0057,note_evid-0057.txt,f9095cab115db7ddefc4db4f53a7d5836b7929ef0b0825795578b38f1bf772b2,-33.3262,25.4733,2026-06-08T11:00:00Z,USER-0017,note,N
EVID-0058,ORG-0003,inspection,INSP-0058,note_evid-0058.txt,847067f113398a2795a273d2eb7d700f914a546f6c702a26e20c86d15707db73,-33.3139,25.4733,2026-06-08T14:00:00Z,USER-0018,note,N
EVID-0059,ORG-0004,inspection,INSP-0059,note_evid-0059.txt,2417fae0d281e5b065c550c92f80b7e2b7c0532aa426d00789c2b80fbc506f1e,-33.3016,25.4844,2026-06-08T17:00:00Z,USER-0019,note,N
EVID-0060,ORG-0005,incident,INC-0030,note_evid-0060.txt,4afc754ab15072c9fb8b35d7e4291e0ef284a0cd3ea5cc3f0c568492083d0300,-33.2893,25.4844,2026-07-31T09:00:00Z,USER-0010,note,N
EVID-0061,ORG-0001,inspection,INSP-0061,note_evid-0061.txt,24c536dceaf86915898a1e4ed1de2657b59ccc90485f45c3ad66aefa5ae9fb7b,-33.4000,25.4955,2026-06-08T23:00:00Z,USER-0001,note,N
EVID-0062,ORG-0002,inspection,INSP-0062,note_evid-0062.txt,642e333a4af54bb4eb84de801ed337166de938fdb805886ebf4511f06c357982,-33.3877,25.4955,2026-06-09T02:00:00Z,USER-0002,note,N
EVID-0063,ORG-0003,inspection,INSP-0063,note_evid-0063.txt,b88dccf7c4f76bba2750cc6cd8952c06b7eac2af7244d5e64a20c0f67f005927,-33.3754,25.5066,2026-06-09T05:00:00Z,USER-0003,note,N
EVID-0064,ORG-0004,inspection,INSP-0064,note_evid-0064.txt,dd04c0dc2523d75ea257e8f3a2a3311dcc6ba0d7ea6164f6c086dbe01e99d1b0,-33.3631,25.5066,2026-06-09T08:00:00Z,USER-0004,note,N
EVID-0065,ORG-0005,incident,INC-0005,note_evid-0065.txt,4d10c49ffe9f32f0d48e8627e3daa636a7b30c34552cc680673fb0ab15a343b8,-33.3508,25.4622,2026-07-06T09:00:00Z,USER-0005,note,N
EVID-0066,ORG-0001,inspection,INSP-0066,note_evid-0066.txt,006e783805b75267dd9419c064f3a18a546e1be3b8600067749c8c9f7133b964,-33.3385,25.5177,2026-06-09T14:00:00Z,USER-0006,note,N
EVID-0067,ORG-0002,inspection,INSP-0067,note_evid-0067.txt,bbe04a8b3da9c1ba05386148ee6b0f1cfca2685c9e2d707ffe3f4c6a9604e81b,-33.3262,25.5288,2026-06-09T17:00:00Z,USER-0007,note,N
EVID-0068,ORG-0003,inspection,INSP-0068,note_evid-0068.txt,ea08495c356546fa2cbb4d17ee41e4b4084ef22ae2b75b0f5766755a9ccffde1,-33.3139,25.5288,2026-06-09T20:00:00Z,USER-0008,note,N
EVID-0069,ORG-0004,inspection,INSP-0069,note_evid-0069.txt,e2b8871fc57d8b358a730d3526c36fb6b5b7cccc5e29abc0caadeb1d4945b081,-33.3016,25.5399,2026-06-09T23:00:00Z,USER-0009,note,N
EVID-0070,ORG-0005,incident,INC-0010,note_evid-0070.txt,06eff16c1ccd7ba2c032f632c960b04463f5a4dcfade592f10dec63d6726be4e,-33.2893,25.4844,2026-07-11T09:00:00Z,USER-0010,note,N
EVID-0071,ORG-0001,inspection,INSP-0071,note_evid-0071.txt,eef13a157616991671a23bd70e9b38020e7bdf6fe1c630f50596d56664ceb07a,-33.4000,25.4400,2026-06-10T05:00:00Z,USER-0011,note,N
EVID-0072,ORG-0002,inspection,INSP-0072,note_evid-0072.txt,59c00518649921a75ed8105bcb781ea803e0e8312b768e38a82b34239250c28b,-33.3877,25.4400,2026-06-10T08:00:00Z,USER-0012,note,N
EVID-0073,ORG-0003,inspection,INSP-0073,note_evid-0073.txt,1015a784f98cfd0000730e0af8b84f8cd91897fc50580fa3a6e56e7c1f1223b5,-33.3754,25.4511,2026-06-10T11:00:00Z,USER-0013,note,N
EVID-0074,ORG-0004,inspection,INSP-0074,note_evid-0074.txt,f7f38d0f05ed5e54e13d61926bdb5e6417d373fc3c08c40fdecda7cb9174bc14,-33.3631,25.4511,2026-06-10T14:00:00Z,USER-0014,note,N
EVID-0075,ORG-0005,incident,INC-0015,note_evid-0075.txt,66e518bcd47f1886c051f0123628203d79e1efdd8c1313643a7e6031029feb26,-33.3508,25.5177,2026-07-16T09:00:00Z,USER-0015,note,N
EVID-0076,ORG-0001,inspection,INSP-0076,note_evid-0076.txt,41919ad9d6234d0243fd0d1cb10ee616d08f74bc75b1374aa11cb42769287115,-33.3385,25.4622,2026-06-10T20:00:00Z,USER-0016,note,N
EVID-0077,ORG-0002,inspection,INSP-0077,note_evid-0077.txt,eb2325bfa064306f2fd33da672b74fdbc9e80cadd353ccbda17b914ec8de59aa,-33.3262,25.4733,2026-06-10T23:00:00Z,USER-0017,note,N
EVID-0078,ORG-0003,inspection,INSP-0078,note_evid-0078.txt,6bfa65bb6f3005d87464ba92c4cc0a27be32dbae0cf29ec057fa0904bc647969,-33.3139,25.4733,2026-06-11T02:00:00Z,USER-0018,note,N
EVID-0079,ORG-0004,inspection,INSP-0079,note_evid-0079.txt,8f8301cbaa58a21f9370b318d41cecab0dfa692d4502e422e03d7a07f6df84fb,-33.3016,25.4844,2026-06-11T05:00:00Z,USER-0019,note,N
EVID-0080,ORG-0005,incident,INC-0020,note_evid-0080.txt,82af47c8f3e4273c508ca850fbd069e21a3693b06d4cfebf883c4a3da2af798c,-33.2893,25.5399,2026-07-21T09:00:00Z,USER-0020,note,N
EVID-0081,ORG-0001,inspection,INSP-0081,note_evid-0081.txt,811ef08324d2f4ccf6fc3308d039ee4269071f77bafeb40c925b7cba13e5bae8,-33.4000,25.4955,2026-06-11T11:00:00Z,USER-0001,note,N
EVID-0082,ORG-0002,inspection,INSP-0082,note_evid-0082.txt,9ed905bef1b3fe8eb6c9a3f4408af853f9470e9a2b4904150fb8c7a0cd1cb0b6,-33.3877,25.4955,2026-06-11T14:00:00Z,USER-0002,note,N
EVID-0083,ORG-0003,inspection,INSP-0083,note_evid-0083.txt,65463c045992c4e44144bb20d129002a36740eb1a1b84190252f5573ac6d7596,-33.3754,25.5066,2026-06-11T17:00:00Z,USER-0003,note,N
EVID-0084,ORG-0004,inspection,INSP-0084,note_evid-0084.txt,d384684bd5ee88d502302f539723102a571cfc85860eb200f1fc6ebfa556c7d1,-33.3631,25.5066,2026-06-11T20:00:00Z,USER-0004,note,N
EVID-0085,ORG-0005,incident,INC-0025,note_evid-0085.txt,326d41da9e5789dc0fd326e86f5e7cf7545d1ee63bb3578df225cadb78555810,-33.3508,25.4622,2026-07-26T09:00:00Z,USER-0005,note,N
EVID-0086,ORG-0001,inspection,INSP-0086,note_evid-0086.txt,c0c599028f98b53151a689b15efb00940f99fa50b07b42bc16ed5e6909caf3d4,-33.3385,25.5177,2026-06-12T02:00:00Z,USER-0006,note,N
EVID-0087,ORG-0002,inspection,INSP-0087,note_evid-0087.txt,e2a2bb3d2c96b670a8d54a27b65b57fade70bf540e746d272a3b69f0aba01653,-33.3262,25.5288,2026-06-12T05:00:00Z,USER-0007,note,N
EVID-0088,ORG-0003,inspection,INSP-0088,note_evid-0088.txt,a83078af8440ad9cb4eb09657789e183a0bacdbb3b0a6a5aa6be8e0244c653bc,-33.3139,25.5288,2026-06-12T08:00:00Z,USER-0008,note,N
EVID-0089,ORG-0004,inspection,INSP-0089,note_evid-0089.txt,02552a12509b5271abe14cd18e4895110c48d19cbe98531914ab9609d52bea6e,-33.3016,25.5399,2026-06-12T11:00:00Z,USER-0009,note,N
EVID-0090,ORG-0005,incident,INC-0030,note_evid-0090.txt,ad187c43ed4b5c74f268aa5503c950b23bf6043bd99d42870e28449009185af1,-33.2893,25.4844,2026-07-31T09:00:00Z,USER-0010,note,N
EVID-0091,ORG-0001,inspection,INSP-0091,note_evid-0091.txt,1f666cdb3f013c240f68b730cd8d6c0c1dfd8823f387f3cee2942142c533ea14,-33.4000,25.4400,2026-06-12T17:00:00Z,USER-0011,note,N
EVID-0092,ORG-0002,inspection,INSP-0092,note_evid-0092.txt,edbcda03d11de8063cb4773ca7d47ce69f93a2cccb6112b9813e5b64bb908613,-33.3877,25.4400,2026-06-12T20:00:00Z,USER-0012,note,N
EVID-0093,ORG-0003,inspection,INSP-0093,note_evid-0093.txt,ab76e9c0ecd4d505233e502fe16acda776d318b3c12407f7327dd02cd46e1b90,-33.3754,25.4511,2026-06-12T23:00:00Z,USER-0013,note,N
EVID-0094,ORG-0004,inspection,INSP-0094,note_evid-0094.txt,75df76225401d6ade8a89b8b325f0e6938ab5328f44c751532f1d45baaf1ad18,-33.3631,25.4511,2026-06-13T02:00:00Z,USER-0014,note,N
EVID-0095,ORG-0005,incident,INC-0005,note_evid-0095.txt,b7feeef16d53fe4e307492b3c87b7971a966f7e830474850e08682bf3ea0ca1d,-33.3508,25.4622,2026-07-06T09:00:00Z,USER-0005,note,N
EVID-0096,ORG-0001,inspection,INSP-0096,note_evid-0096.txt,c6b7cbb3827f594b3ef8de14b212bc96671a87e32e345e7430cdf0613bdcaab3,-33.3385,25.4622,2026-06-13T08:00:00Z,USER-0016,note,N
EVID-0097,ORG-0002,inspection,INSP-0097,note_evid-0097.txt,f3bd4acbae3cbf6e2b20da5267e1ba00b565d7e3e1cdf2f6bf5f577ba6341cc2,-33.3262,25.4733,2026-06-13T11:00:00Z,USER-0017,note,N
EVID-0098,ORG-0003,inspection,INSP-0098,note_evid-0098.txt,82223fa5a518bdc889484c096c7e33e8b8edfe5a0ccedee04b4d538df92ef49d,-33.3139,25.4733,2026-06-13T14:00:00Z,USER-0018,note,N
EVID-0099,ORG-0004,inspection,INSP-0099,note_evid-0099.txt,8986f2ceaeafa03cd6f4030014de60887b908269c627745cafbd196c49f9d4d0,-33.3016,25.4844,2026-06-13T17:00:00Z,USER-0019,note,N
EVID-0100,ORG-0005,incident,INC-0010,note_evid-0100.txt,8463746c9191146b6664425fec17562e0910f8bfe4ed7258c2dce5623db75230,-33.2893,25.4844,2026-07-11T09:00:00Z,USER-0010,note,N
EVID-0101,ORG-0001,inspection,INSP-0101,note_evid-0101.txt,b505b5597baec5e8dbac5826b94ab2d68d4ed4cf600778a115ec9313bda93df4,-33.4000,25.4400,2026-06-13T23:00:00Z,USER-0001,note,N
EVID-0102,ORG-0002,inspection,INSP-0102,note_evid-0102.txt,24e9161e517dfa92982f6f98490012ecc5d4d0ea15f8118024a9bfc7363d45f9,-33.3877,25.4400,2026-06-14T02:00:00Z,USER-0002,note,N
EVID-0103,ORG-0003,inspection,INSP-0103,note_evid-0103.txt,8d37b2af1998a1b8824c9f3a6aa73c9c8adde24b9d4b4c5d42dced8d9026f838,-33.3754,25.4511,2026-06-14T05:00:00Z,USER-0003,note,N
EVID-0104,ORG-0004,inspection,INSP-0104,note_evid-0104.txt,0ab9bc6f021e19f24ea315d55c465b3c0cae682955d377b7a4d1d268af9d5d40,-33.3631,25.4511,2026-06-14T08:00:00Z,USER-0004,note,N
EVID-0105,ORG-0005,incident,INC-0015,note_evid-0105.txt,8ecdfcbd1e457bf03adfe1965d1b3d1c9a55e4b3024a1794465e71d0057ffdf9,-33.3508,25.5177,2026-07-16T09:00:00Z,USER-0015,note,N
EVID-0106,ORG-0001,inspection,INSP-0106,note_evid-0106.txt,099723d5e7b1c231d8a17fb0170da9c45e6e325dc54354ec372450d34185e8df,-33.3385,25.4622,2026-06-14T14:00:00Z,USER-0006,note,N
EVID-0107,ORG-0002,inspection,INSP-0107,note_evid-0107.txt,8fd1fc0cb2b55912d9c3f8aecb2736ac4c25fe324e0e3febb86dc00fd2d8d38d,-33.3262,25.4733,2026-06-14T17:00:00Z,USER-0007,note,N
EVID-0108,ORG-0003,inspection,INSP-0108,note_evid-0108.txt,573aab30d05702f0907f605842faa04185d256552fd516ed89690e83148aaa8a,-33.3139,25.4733,2026-06-14T20:00:00Z,USER-0008,note,N
EVID-0109,ORG-0004,inspection,INSP-0109,note_evid-0109.txt,044e3202e67cc4a05e971c27793c1c058a5b3433c29fc82904fcf9e9f986ad8c,-33.3016,25.4844,2026-06-14T23:00:00Z,USER-0009,note,N
EVID-0110,ORG-0005,incident,INC-0020,note_evid-0110.txt,c55c5ac5c898c5b73e834b25efb76472e4aac0113b988306cc858ec2d6188700,-33.2893,25.5399,2026-07-21T09:00:00Z,USER-0020,note,N
EVID-0111,ORG-0001,inspection,INSP-0111,note_evid-0111.txt,b9119d6187971190c03101c7cb0f827180e71003de129bad8165e55b6931b7bf,-33.4000,25.4955,2026-06-15T05:00:00Z,USER-0011,note,N
EVID-0112,ORG-0002,inspection,INSP-0112,note_evid-0112.txt,8a575957d0dca542c204a1db59f75e597f9a671a320d146d9111d46849d13d8d,-33.3877,25.4955,2026-06-15T08:00:00Z,USER-0012,note,N
EVID-0113,ORG-0003,inspection,INSP-0113,note_evid-0113.txt,9956f3a56a6d0c25cfd52ad62fe9abc3861140992718f3cc268a632c0e10e440,-33.3754,25.5066,2026-06-15T11:00:00Z,USER-0013,note,N
EVID-0114,ORG-0004,inspection,INSP-0114,note_evid-0114.txt,cad059840fe811666ceff8579432bbf45b8bd2d1b101dfb1b865ac2899d16456,-33.3631,25.5066,2026-06-15T14:00:00Z,USER-0014,note,N
EVID-0115,ORG-0005,incident,INC-0025,note_evid-0115.txt,20120d55fdcf0b12fae10babedf0695008dc3ed4163a2b6e639c6386991a4ff5,-33.3508,25.4622,2026-07-26T09:00:00Z,USER-0005,note,N
EVID-0116,ORG-0001,inspection,INSP-0116,note_evid-0116.txt,ae9552e571d7d07c266b2610be7a493c35e39da50716151fd4433fb37a7d8bca,-33.3385,25.5177,2026-06-15T20:00:00Z,USER-0016,note,N
EVID-0117,ORG-0002,inspection,INSP-0117,note_evid-0117.txt,169b7a0d3358c5dd98c45ed4ba983850c09324b895b8a71cf326710ca7bda721,-33.3262,25.5288,2026-06-15T23:00:00Z,USER-0017,note,N
EVID-0118,ORG-0003,inspection,INSP-0118,note_evid-0118.txt,e83ba9f8da9ffab9c84d20bff1f1599976ba4da02dd50b2371decd20b3135fe3,-33.3139,25.5288,2026-06-16T02:00:00Z,USER-0018,note,N
EVID-0119,ORG-0004,inspection,INSP-0119,note_evid-0119.txt,5228d7731158d9c2aa10d33f78d7e63016e413def5969af3da76b447eb2ea9a3,-33.3016,25.5399,2026-06-16T05:00:00Z,USER-0019,note,N
EVID-0120,ORG-0005,incident,INC-0030,note_evid-0120.txt,fd02f6cadbc46ce7a3b0c7d55c3572b6d4d4d289c052fe0b2b0ec0d1828de585,-33.2893,25.4844,2026-07-31T09:00:00Z,USER-0010,note,N
EVID-0121,ORG-0001,inspection,INSP-0121,note_evid-0121.txt,f4e0fda6f8c95f0826a4f174a352cb1ce381805f42e08fd2e479b5acb27d98f0,-33.4000,25.4400,2026-06-16T11:00:00Z,USER-0001,note,N
EVID-0122,ORG-0002,inspection,INSP-0122,note_evid-0122.txt,d01987dbaed6a21cb682fd940f947cc8053bf6c85f5edc0e6db96e361d8753fc,-33.3877,25.4400,2026-06-16T14:00:00Z,USER-0002,note,N
EVID-0123,ORG-0003,inspection,INSP-0123,note_evid-0123.txt,aa27bd7c4937412cd8062616fcde4dad42fc4e0be1b5886d1b7ecfeae2d4492c,-33.3754,25.4511,2026-06-16T17:00:00Z,USER-0003,note,N
EVID-0124,ORG-0004,inspection,INSP-0124,note_evid-0124.txt,2aafe91715373877cd5c7790d0ad4bb132b2388b7a24c779790b5a517fda19d9,-33.3631,25.4511,2026-06-16T20:00:00Z,USER-0004,note,N
EVID-0125,ORG-0005,incident,INC-0005,note_evid-0125.txt,8136f47c1faf376822dc4e692063cd70dff6d1e71888abd0806878406903f440,-33.3508,25.4622,2026-07-06T09:00:00Z,USER-0005,note,N
EVID-0126,ORG-0001,inspection,INSP-0126,note_evid-0126.txt,4e59e01ecf51d7fd217069b047dca73278e42ecf195c33dd79b59d28457ce93c,-33.3385,25.4622,2026-06-17T02:00:00Z,USER-0006,note,N
EVID-0127,ORG-0002,inspection,INSP-0127,note_evid-0127.txt,b08fdb1198540333d406eaef5e7b6f5e4fab1b845ec11692d29acb9222be7d7c,-33.3262,25.4733,2026-06-17T05:00:00Z,USER-0007,note,N
EVID-0128,ORG-0003,inspection,INSP-0128,note_evid-0128.txt,de3ad019cc087791fc5da96556942f008e84bfcebda4662fa5fa5bc4318582d3,-33.3139,25.4733,2026-06-17T08:00:00Z,USER-0008,note,N
EVID-0129,ORG-0004,inspection,INSP-0129,note_evid-0129.txt,540867ac645f6767b995b887b20ccf3d9f94a90020a2db225395b3a6b4257981,-33.3016,25.4844,2026-06-17T11:00:00Z,USER-0009,note,N
EVID-0130,ORG-0005,incident,INC-0010,note_evid-0130.txt,d1dc59aea72fbdcf0505b0d4e8815563a1aa2afb5f12a85060e9296be9d75204,-33.2893,25.4844,2026-07-11T09:00:00Z,USER-0010,note,N
EVID-0131,ORG-0001,inspection,INSP-0131,note_evid-0131.txt,3d1eb7694aa87705e330d8513e01a61248f041e0281d7958fffc0411ef2a88df,-33.4000,25.4955,2026-06-17T17:00:00Z,USER-0011,note,N
EVID-0132,ORG-0002,inspection,INSP-0132,note_evid-0132.txt,8069cdc5fb9b538b255c1e802e6e976caf5b8054192d0a1bf9b7f6fed63d46b2,-33.3877,25.4955,2026-06-17T20:00:00Z,USER-0012,note,N
EVID-0133,ORG-0003,inspection,INSP-0133,note_evid-0133.txt,0269baa179548ce8b2cc4120b19bd318c440606ca03f4cba37b9f29cb343161a,-33.3754,25.5066,2026-06-17T23:00:00Z,USER-0013,note,N
EVID-0134,ORG-0004,inspection,INSP-0134,note_evid-0134.txt,09d67ddf3699b0642cc7a00232fbeacf6798143c6eac28654aaf7a37ed9daf62,-33.3631,25.5066,2026-06-18T02:00:00Z,USER-0014,note,N
EVID-0135,ORG-0005,incident,INC-0015,note_evid-0135.txt,870edab2249a8d2e000d0b89b8833722e802f548142d37d5f92120df65fc4a1a,-33.3508,25.5177,2026-07-16T09:00:00Z,USER-0015,note,N
EVID-0136,ORG-0001,inspection,INSP-0136,note_evid-0136.txt,95d4a52d8df8e3439ea052ef9cdfd99e5f31689bff8d7c4dc3da67db36c23816,-33.3385,25.5177,2026-06-18T08:00:00Z,USER-0016,note,N
EVID-0137,ORG-0002,inspection,INSP-0137,note_evid-0137.txt,d8d3615157783f284e41291da315daec3d5f8c2e2ca60f0de3bdc4a6153c2d6f,-33.3262,25.5288,2026-06-18T11:00:00Z,USER-0017,note,N
EVID-0138,ORG-0003,inspection,INSP-0138,note_evid-0138.txt,e426a2601d1bb1b2b43f9fa4dc7faa308884f7adcb0baa99210ec43d26ce2013,-33.3139,25.5288,2026-06-18T14:00:00Z,USER-0018,note,N
EVID-0139,ORG-0004,inspection,INSP-0139,note_evid-0139.txt,6f10ed9b9a357c78132e9bb4148af264e31b5cdf743081b4cc2d2332bf9a5516,-33.3016,25.5399,2026-06-18T17:00:00Z,USER-0019,note,N
EVID-0140,ORG-0005,incident,INC-0020,note_evid-0140.txt,88c871887e3fa0bfde3b7fadc822457abfe30511e4cd69575376b5d83472342e,-33.2893,25.5399,2026-07-21T09:00:00Z,USER-0020,note,N
EVID-0141,ORG-0001,inspection,INSP-0141,note_evid-0141.txt,6f228c6417fd710da64d100a839661f3e6ce7499674fb935082e1a1bc84cd2af,-33.4000,25.4400,2026-06-18T23:00:00Z,USER-0001,note,N
EVID-0142,ORG-0002,inspection,INSP-0142,note_evid-0142.txt,fdb346ff4a3c511dd9e2500bf7e2f0706d8ea349b904a15f6428fd09b0081388,-33.3877,25.4400,2026-06-19T02:00:00Z,USER-0002,note,N
EVID-0143,ORG-0003,inspection,INSP-0143,note_evid-0143.txt,41616b186cb44492d48e8ec375673ede8f30cd77ddbd81f1aeb8c188c0b7761b,-33.3754,25.4511,2026-06-19T05:00:00Z,USER-0003,note,N
EVID-0144,ORG-0004,inspection,INSP-0144,note_evid-0144.txt,b6597c4f896c417353439a7d37293c391ea689a097b811686272fe449ada7e57,-33.3631,25.4511,2026-06-19T08:00:00Z,USER-0004,note,N
EVID-0145,ORG-0005,incident,INC-0025,note_evid-0145.txt,114169afb6b540c1f54785d1062cf5c46177d36a92272d889ac25dcf95270dd8,-33.3508,25.4622,2026-07-26T09:00:00Z,USER-0005,note,N
EVID-0146,ORG-0001,inspection,INSP-0146,note_evid-0146.txt,2f558b30ec439bfe1b27ebbdd2a086086efb21335a856a76079055049006f1cd,-33.3385,25.4622,2026-06-19T14:00:00Z,USER-0006,note,N
EVID-0147,ORG-0002,inspection,INSP-0147,note_evid-0147.txt,f2fccafa4fffd7025427a8ddb4a8b6608f75f944dd7a006f9b11539dffd73a15,-33.3262,25.4733,2026-06-19T17:00:00Z,USER-0007,note,N
EVID-0148,ORG-0003,inspection,INSP-0148,note_evid-0148.txt,1b273e2e5c9360d2a899c49c4b482daf44365f9a89101cbcd8d78fd812a55fa1,-33.3139,25.4733,2026-06-19T20:00:00Z,USER-0008,note,N
EVID-0149,ORG-0004,inspection,INSP-0149,note_evid-0149.txt,45672e9428ed3e7ef1f7175302eff70a45143b8cb1dca63e23a3d9cf434e28a9,-33.3016,25.4844,2026-06-19T23:00:00Z,USER-0009,note,N
EVID-0150,ORG-0005,incident,INC-0030,note_evid-0150.txt,8b93cbbddb568ab8ac9572bf4933cbc8ca2d79a9d20a9e1366789bd43aa497f4,-33.2893,25.4844,2026-07-31T09:00:00Z,USER-0010,note,N
EVID-0151,ORG-0001,inspection,INSP-0151,note_evid-0151.txt,a8fa07ea1032f4490a0297f42612f00a45178fcd25259f5a9538a0d74e977593,-33.4000,25.4400,2026-06-20T05:00:00Z,USER-0011,note,N
EVID-0152,ORG-0002,inspection,INSP-0152,note_evid-0152.txt,85e1a2a1a8b96aff97c193ffee72b2717f7aa4aeaa9c910f0c3e672788e2ac98,-33.3877,25.4400,2026-06-20T08:00:00Z,USER-0012,note,N
EVID-0153,ORG-0003,inspection,INSP-0153,note_evid-0153.txt,cc624e3ac5955003cd0293ed44e5d30883a6f6b934c83ad4f0010a6228330582,-33.3754,25.4511,2026-06-20T11:00:00Z,USER-0013,note,N
EVID-0154,ORG-0004,inspection,INSP-0154,note_evid-0154.txt,544770b0a27c53204c9f9b2f0afbaf3d5fb8a7e41b61bbe3bbffed6e9741dbed,-33.3631,25.4511,2026-06-20T14:00:00Z,USER-0014,note,N
EVID-0155,ORG-0005,incident,INC-0005,note_evid-0155.txt,6316c27b8a5596586667c05c75f1cd7d6ab90cf8ed436e1fcb54a80c7d3054ff,-33.3508,25.4622,2026-07-06T09:00:00Z,USER-0005,note,N
EVID-0156,ORG-0001,inspection,INSP-0156,note_evid-0156.txt,ca75e3c93cdfdfff0300f74e3c950f32c5f100862b1d9912e0af663b88606883,-33.3385,25.4622,2026-06-20T20:00:00Z,USER-0016,note,N
EVID-0157,ORG-0002,inspection,INSP-0157,note_evid-0157.txt,ceb28af294e98ced02c8e26a432a5d83f99cd0174f24c445120da3685dd7c2bc,-33.3262,25.4733,2026-06-20T23:00:00Z,USER-0017,note,N
EVID-0158,ORG-0003,inspection,INSP-0158,note_evid-0158.txt,3161a265520712de5e34bb29e050acfc18c9a6512f514dada9af0e16b53459ad,-33.3139,25.4733,2026-06-21T02:00:00Z,USER-0018,note,N
EVID-0159,ORG-0004,inspection,INSP-0159,note_evid-0159.txt,340aa60cb77e7a9b7a4d1c71ed88ae2528897daa73bfc0f7a2e0e94362e0161d,-33.3016,25.4844,2026-06-21T05:00:00Z,USER-0019,note,N
EVID-0160,ORG-0005,incident,INC-0010,note_evid-0160.txt,904a46e56cceacdbf500abaae45e9921a6e1bc8faca6f1bf9b3d337a657f8293,-33.2893,25.4844,2026-07-11T09:00:00Z,USER-0010,note,N
EVID-0161,ORG-0001,inspection,INSP-0161,note_evid-0161.txt,274dab3e1bce31ad6ab64a275e9651d5e7a18f2c0af0d733208efe54063e7b8b,-33.4000,25.4955,2026-06-21T11:00:00Z,USER-0001,note,N
EVID-0162,ORG-0002,inspection,INSP-0162,note_evid-0162.txt,187c8f61beb123fd8670d0f8104c072ac6e01a84910bf5bbfcc8d220a8419415,-33.3877,25.4955,2026-06-21T14:00:00Z,USER-0002,note,N
EVID-0163,ORG-0003,inspection,INSP-0163,note_evid-0163.txt,a6bfcdcef70f46b654c3ea7cc615ab91e39ac27d4110ed761446225cca57a506,-33.3754,25.5066,2026-06-21T17:00:00Z,USER-0003,note,N
EVID-0164,ORG-0004,inspection,INSP-0164,note_evid-0164.txt,301079da3292ab3a56d52360df4db735fc384be68790776ec6e96c5b2a5ea6af,-33.3631,25.5066,2026-06-21T20:00:00Z,USER-0004,note,N
EVID-0165,ORG-0005,incident,INC-0015,note_evid-0165.txt,46d024bc82da9515e33e11134c6d9b1adedd19be81ad6c5929b8d5474ba42156,-33.3508,25.5177,2026-07-16T09:00:00Z,USER-0015,note,N
EVID-0166,ORG-0001,inspection,INSP-0166,note_evid-0166.txt,b8cd5f86a114e767bbf263fd9370c744e915e3fca4363978379fd07683658568,-33.3385,25.5177,2026-06-22T02:00:00Z,USER-0006,note,N
EVID-0167,ORG-0002,inspection,INSP-0167,note_evid-0167.txt,6ff9fa9badb9de14e5f65d218fa6c56f0d5356d8ccb21cf3a38fd0c730ad9a72,-33.3262,25.5288,2026-06-22T05:00:00Z,USER-0007,note,N
EVID-0168,ORG-0003,inspection,INSP-0168,note_evid-0168.txt,aeedb44fe4b90203ac23bf0ff737ac97e3e5de663885fe5781c7539a4c7181fe,-33.3139,25.5288,2026-06-22T08:00:00Z,USER-0008,note,N
EVID-0169,ORG-0004,inspection,INSP-0169,note_evid-0169.txt,ac6793c0befd7d5b7999a08e1e46c39ada67cf99631d0d0e9eb29403023ab82f,-33.3016,25.5399,2026-06-22T11:00:00Z,USER-0009,note,N
EVID-0170,ORG-0005,incident,INC-0020,note_evid-0170.txt,5d0eac91506f99b3d85e1135ed87209ca4eaeabe5827b12ecc72d641f62764fe,-33.2893,25.5399,2026-07-21T09:00:00Z,USER-0020,note,N
EVID-0171,ORG-0001,inspection,INSP-0171,note_evid-0171.txt,8e644020e275abcd02e5f72b006be8c4ef2e409bc2740fd27d6ed61c1d4a6b6d,-33.4000,25.4400,2026-06-22T17:00:00Z,USER-0011,note,N
EVID-0172,ORG-0002,inspection,INSP-0172,note_evid-0172.txt,60e87d7f7c2e3f56c1b9fc1929464fdd2263c6e5f22d1ced61aa8cbe04621b46,-33.3877,25.4400,2026-06-22T20:00:00Z,USER-0012,note,N
EVID-0173,ORG-0003,inspection,INSP-0173,note_evid-0173.txt,493024f1bdd337faf4cbfa936887d43686444b95bfaebafa0fa70bf71564332e,-33.3754,25.4511,2026-06-22T23:00:00Z,USER-0013,note,N
EVID-0174,ORG-0004,inspection,INSP-0174,note_evid-0174.txt,a2ea3adcd3f4d4456912aa7410f32c338fe7e359826d3c9166848a55453fb63c,-33.3631,25.4511,2026-06-23T02:00:00Z,USER-0014,note,N
EVID-0175,ORG-0005,incident,INC-0025,note_evid-0175.txt,f618e7710bafc289c63a1f84e9f7bbf9adb8d6e8266592fe7d5642b3804e7a2c,-33.3508,25.4622,2026-07-26T09:00:00Z,USER-0005,note,N
EVID-0176,ORG-0001,inspection,INSP-0176,note_evid-0176.txt,4ba539058a5ac75ccb539920a7e5fafd931d4f43cbeb460e765a8d74babad1a8,-33.3385,25.4622,2026-06-23T08:00:00Z,USER-0016,note,N
EVID-0177,ORG-0002,inspection,INSP-0177,note_evid-0177.txt,568f2baca7dd8397b7d9279fbda92caa9d4987f55d32f0b6ba1f34565ae5d10f,-33.3262,25.4733,2026-06-23T11:00:00Z,USER-0017,note,N
EVID-0178,ORG-0003,inspection,INSP-0178,note_evid-0178.txt,e8d7abe321c19084d7f756be6f5e403157de4bd08b4fd139891c2eba24c89aa7,-33.3139,25.4733,2026-06-23T14:00:00Z,USER-0018,note,N
EVID-0179,ORG-0004,inspection,INSP-0179,note_evid-0179.txt,3d3b1cf6059339057794d7273f2fcceb51d80e07d8e523d6c79297d9512404d1,-33.3016,25.4844,2026-06-23T17:00:00Z,USER-0019,note,N
EVID-0180,ORG-0005,incident,INC-0030,note_evid-0180.txt,9055b218e8a363cc87700fba38e686c5e485b91bf996122696969f096656b7f3,-33.2893,25.4844,2026-07-31T09:00:00Z,USER-0010,note,N
EVID-0181,ORG-0001,inspection,INSP-0181,note_evid-0181.txt,399ae20b412f07d3cd282770d2c9f67ee727eda3dc7389e1da721e069ef66313,-33.4000,25.4955,2026-06-23T23:00:00Z,USER-0001,note,N
EVID-0182,ORG-0002,inspection,INSP-0182,note_evid-0182.txt,33d28ee6776a83530c94ede4dd418a6eb48dcdb3f232b242dbaf04885ed2e48a,-33.3877,25.4955,2026-06-24T02:00:00Z,USER-0002,note,N
EVID-0183,ORG-0003,inspection,INSP-0183,note_evid-0183.txt,e350ebd98417391cfb5496c41b82dc9da607b5273d8eb07c61e5b9782af01f55,-33.3754,25.5066,2026-06-24T05:00:00Z,USER-0003,note,N
EVID-0184,ORG-0004,inspection,INSP-0184,note_evid-0184.txt,d06134a9d75b2a06d33ecc1f15ecdd7dbbdf2f34fc1b3d594a4fe7505899536b,-33.3631,25.5066,2026-06-24T08:00:00Z,USER-0004,note,N
EVID-0185,ORG-0005,incident,INC-0005,note_evid-0185.txt,9a3c72554ab7d6ce77bf310b82a4a0c1b518337fe81085775c4b75b3397960f1,-33.3508,25.4622,2026-07-06T09:00:00Z,USER-0005,note,N
EVID-0186,ORG-0001,inspection,INSP-0186,note_evid-0186.txt,3a62648202284ea9f77644c3e0eb7675860722fb031a5b516dbb996725282bd7,-33.3385,25.5177,2026-06-24T14:00:00Z,USER-0006,note,N
EVID-0187,ORG-0002,inspection,INSP-0187,note_evid-0187.txt,55564ac5b19a59f642a871dad4b373fb8135ce303cf606b23aec6f3bc12157f9,-33.3262,25.5288,2026-06-24T17:00:00Z,USER-0007,note,N
EVID-0188,ORG-0003,inspection,INSP-0188,note_evid-0188.txt,f8bf077d9edb0f5b14c09f436d7e9460405e5ad4bf837fcd47981d266c283744,-33.3139,25.5288,2026-06-24T20:00:00Z,USER-0008,note,N
EVID-0189,ORG-0004,inspection,INSP-0189,note_evid-0189.txt,dbdf7de4a725556f4b66f348ac8d5dfb8089d62460f954d2cc8e1b7a9e10fa7d,-33.3016,25.5399,2026-06-24T23:00:00Z,USER-0009,note,N
EVID-0190,ORG-0005,incident,INC-0010,note_evid-0190.txt,40b07dadc3987dd724d99f94cca07fbac8f08562d8dd0177a2361e30789b2459,-33.2893,25.4844,2026-07-11T09:00:00Z,USER-0010,note,N
EVID-0191,ORG-0001,inspection,INSP-0191,note_evid-0191.txt,b8d6981533d51cbd42bb78bb1450d51dff0a73fbdd2050ec03c2a0daf9e11c98,-33.4000,25.4400,2026-06-25T05:00:00Z,USER-0011,note,N
EVID-0192,ORG-0002,inspection,INSP-0192,note_evid-0192.txt,f26325b4ec8918fac7589eb871ea9d737d362277b45a00bc4d785cf28e22f403,-33.3877,25.4400,2026-06-25T08:00:00Z,USER-0012,note,N
EVID-0193,ORG-0003,inspection,INSP-0193,note_evid-0193.txt,8ead8d40dd1c091dfd7a49420d57497dba3edcba63ce24152d5a525041e89015,-33.3754,25.4511,2026-06-25T11:00:00Z,USER-0013,note,N
EVID-0194,ORG-0004,inspection,INSP-0194,note_evid-0194.txt,660897eb50f57b541fca8b3c990019420082533f430f45599471e8a544b47403,-33.3631,25.4511,2026-06-25T14:00:00Z,USER-0014,note,N
EVID-0195,ORG-0005,incident,INC-0015,note_evid-0195.txt,0835e57a95ab67d5202ff600beb551ee4667d6d3649902039cd8746894a24deb,-33.3508,25.5177,2026-07-16T09:00:00Z,USER-0015,note,N
EVID-0196,ORG-0001,inspection,INSP-0196,note_evid-0196.txt,95c25399336c47356d66e62145e63185029c649a5a4b1fa9a55e9d9c3e54fc50,-33.3385,25.4622,2026-06-25T20:00:00Z,USER-0016,note,N
EVID-0197,ORG-0002,inspection,INSP-0197,note_evid-0197.txt,88ed8fda5fd58dd7af1ce535383e359caaef9b0981d60275171bcb481df514f0,-33.3262,25.4733,2026-06-25T23:00:00Z,USER-0017,note,N
EVID-0198,ORG-0003,inspection,INSP-0198,note_evid-0198.txt,bed2d45e4d31df85d02be5c3e4ddbfe8c00bba017378cb7b7bae03c45d0e9840,-33.3139,25.4733,2026-06-26T02:00:00Z,USER-0018,note,N
EVID-0199,ORG-0004,inspection,INSP-0199,note_evid-0199.txt,2105f53b23d408b6b2b4103e702ff6c48bf7f40f173a354159e76bb0c71bd57f,-33.3016,25.4844,2026-06-26T05:00:00Z,USER-0019,note,N
EVID-0200,ORG-0005,incident,INC-0020,note_evid-0200.txt,ac74d04e614037847b7cbee282a41f5d08e2cea0c4634edeec49992bd7b47975,-33.2893,25.5399,2026-07-21T09:00:00Z,USER-0020,note,N
EVID-0201,ORG-0001,inspection,INSP-0001,note_evid-0201.txt,cf115edd0f09a798a9c4e5ab39f9db8cd9117a1dbb76cca7a031309bb065108f,-33.4000,25.4400,2026-06-01T11:00:00Z,USER-0001,note,N
EVID-0202,ORG-0002,inspection,INSP-0002,note_evid-0202.txt,9d4d3c5c7a6fb5398c21770d948335051097601d9fe30c1fc07790840bf271fd,-33.3877,25.4400,2026-06-01T14:00:00Z,USER-0002,note,N
EVID-0203,ORG-0003,inspection,INSP-0003,note_evid-0203.txt,1ed965892eb63bb9b3de4377ba58a4c4495ed896c399f92b0687382e7fe29358,-33.3754,25.4511,2026-06-01T17:00:00Z,USER-0003,note,N
EVID-0204,ORG-0004,inspection,INSP-0004,note_evid-0204.txt,944a3b1a84fee564729f6573ca1b9c7d178a2d7f1d2aa879844ae319e7d331a8,-33.3631,25.4511,2026-06-01T20:00:00Z,USER-0004,note,N
EVID-0205,ORG-0005,incident,INC-0025,note_evid-0205.txt,dcfb5c418b9b8234dab487ad5f092a2378e61c33610cfa363215a336f8998bda,-33.3508,25.4622,2026-07-26T09:00:00Z,USER-0005,note,N
EVID-0206,ORG-0001,inspection,INSP-0006,note_evid-0206.txt,c02da9bc6884d7e051d45993f7946e0e0191b02eb2240cf1a5c97371ae52b0d4,-33.3385,25.4622,2026-06-02T02:00:00Z,USER-0006,note,N
EVID-0207,ORG-0002,inspection,INSP-0007,note_evid-0207.txt,bca62e2f21c0d2f112ff4772fa2ba0997630092882985120d2e2911cbc3fc18f,-33.3262,25.4733,2026-06-02T05:00:00Z,USER-0007,note,N
EVID-0208,ORG-0003,inspection,INSP-0008,note_evid-0208.txt,03f8df09ebef5cc1e6709c09cb410d871f29f55472a4e3b6209c200cadc41c4b,-33.3139,25.4733,2026-06-02T08:00:00Z,USER-0008,note,N
EVID-0209,ORG-0004,inspection,INSP-0009,note_evid-0209.txt,5f1af204e26cb8f1fedcce1cb0905bbc5ce2fd8f67bfbe90bb36c2f2d6917139,-33.3016,25.4844,2026-06-02T11:00:00Z,USER-0009,note,N
EVID-0210,ORG-0005,incident,INC-0030,note_evid-0210.txt,e45738eea6f6e9a3484cef34f096ff89965171c5c407ddbacaf9b4fa6bdf6c08,-33.2893,25.4844,2026-07-31T09:00:00Z,USER-0010,note,N
EVID-0211,ORG-0001,inspection,INSP-0011,note_evid-0211.txt,a1edc45c83ee7d209e21daefec268f34d7e4ae0786cd40b0ad257c25bc5d5e5b,-33.4000,25.4955,2026-06-02T17:00:00Z,USER-0011,note,N
EVID-0212,ORG-0002,inspection,INSP-0012,note_evid-0212.txt,b6eb8cad9afd2dbc3c92dc5eeceeaa1d70227ba6047fd96d2e392eb6a20a67bb,-33.3877,25.4955,2026-06-02T20:00:00Z,USER-0012,note,N
EVID-0213,ORG-0003,inspection,INSP-0013,note_evid-0213.txt,193f3e8156514dff00fb590b386a2be4c777dd05e99bf28b65d72d83ce558b25,-33.3754,25.5066,2026-06-02T23:00:00Z,USER-0013,note,N
EVID-0214,ORG-0004,inspection,INSP-0014,note_evid-0214.txt,33cfc072608767edeedd2ddbd8f6297cb5fc22e3ca0482da9a5e24bf384b864d,-33.3631,25.5066,2026-06-03T02:00:00Z,USER-0014,note,N
EVID-0215,ORG-0005,incident,INC-0005,note_evid-0215.txt,e480ff2785f14a88a13f4d3fa198e8d631d0b734000fbdb7e234694cca5f977e,-33.3508,25.4622,2026-07-06T09:00:00Z,USER-0005,note,N
EVID-0216,ORG-0001,inspection,INSP-0016,note_evid-0216.txt,3a27863117c2a1ec68199d33925c76f644ce2e856e7aed7ca25035aafba7842b,-33.3385,25.5177,2026-06-03T08:00:00Z,USER-0016,note,N
EVID-0217,ORG-0002,inspection,INSP-0017,note_evid-0217.txt,55c23de05c4d0972429cd5e86944f98a60b4443188a825cfb63055d8fb252ad0,-33.3262,25.5288,2026-06-03T11:00:00Z,USER-0017,note,N
EVID-0218,ORG-0003,inspection,INSP-0018,note_evid-0218.txt,64800a48de80711469f6592f53ecb48206c01d2b2f36e36f05bc6bd6c4f90077,-33.3139,25.5288,2026-06-03T14:00:00Z,USER-0018,note,N
EVID-0219,ORG-0004,inspection,INSP-0019,note_evid-0219.txt,1f0738e24fe524cf2ab9d974c09c19cad55c912c2f21c82807fa3748a56ffd5a,-33.3016,25.5399,2026-06-03T17:00:00Z,USER-0019,note,N
EVID-0220,ORG-0005,incident,INC-0010,note_evid-0220.txt,eae82891e41b0f301cf7cf88368ae94505439513887d5909e2e5b9650e7b6eae,-33.2893,25.4844,2026-07-11T09:00:00Z,USER-0010,note,N
EVID-0221,ORG-0001,inspection,INSP-0021,note_evid-0221.txt,83d853d0699866262a12694ed30c12f0410db0a349d609e0d5f0c311549a012b,-33.4000,25.4400,2026-06-03T23:00:00Z,USER-0001,note,N
EVID-0222,ORG-0002,inspection,INSP-0022,note_evid-0222.txt,5b258dddc8fba078c363c239833ec9788d8e0b3a7d8db2cdf1c6d632bb624710,-33.3877,25.4400,2026-06-04T02:00:00Z,USER-0002,note,N
EVID-0223,ORG-0003,inspection,INSP-0023,note_evid-0223.txt,7e07647e74d870bb2aece1db69b7ee4f548b026232d2553ebca805a562ba74f3,-33.3754,25.4511,2026-06-04T05:00:00Z,USER-0003,note,N
EVID-0224,ORG-0004,inspection,INSP-0024,note_evid-0224.txt,44152a169087ae92f6d13f2050502db11fd0ffd36899d2268966aedb1bf28239,-33.3631,25.4511,2026-06-04T08:00:00Z,USER-0004,note,N
EVID-0225,ORG-0005,incident,INC-0015,note_evid-0225.txt,9e271a601caa0988f436412d82c0a66e71f1f78950d941da05b4db100021497b,-33.3508,25.5177,2026-07-16T09:00:00Z,USER-0015,note,N
EVID-0226,ORG-0001,inspection,INSP-0026,note_evid-0226.txt,4d009a8f76fc272b7c4e50b8b16afcd6098b191c0805e052effc8f47b65291e9,-33.3385,25.4622,2026-06-04T14:00:00Z,USER-0006,note,N
EVID-0227,ORG-0002,inspection,INSP-0027,note_evid-0227.txt,bd39726041332d2b4d6e7c8d3601a0c8d441b6f6f3de46677ea2b5b0fb266a50,-33.3262,25.4733,2026-06-04T17:00:00Z,USER-0007,note,N
EVID-0228,ORG-0003,inspection,INSP-0028,note_evid-0228.txt,ebb9a26f7690d1a34096609cfeb158c58151ddd62bf183e2df1ecececf568cde,-33.3139,25.4733,2026-06-04T20:00:00Z,USER-0008,note,N
EVID-0229,ORG-0004,inspection,INSP-0029,note_evid-0229.txt,6c466b2f5436050150b3976981fceda40c3eaac33a0cc2d0d5c217e1fe806d9c,-33.3016,25.4844,2026-06-04T23:00:00Z,USER-0009,note,N
EVID-0230,ORG-0005,incident,INC-0020,note_evid-0230.txt,86322796b63b552e950d5e9e8382830e7842b0373b88a8561403deec3e14bcb0,-33.2893,25.5399,2026-07-21T09:00:00Z,USER-0020,note,N
EVID-0231,ORG-0001,inspection,INSP-0031,note_evid-0231.txt,0f9d923c7d440f79432b42cdf4c38f7afb98953be5948fdfea2f143750a0f55a,-33.4000,25.4955,2026-06-05T05:00:00Z,USER-0011,note,N
EVID-0232,ORG-0002,inspection,INSP-0032,note_evid-0232.txt,112fc4554f83bd8564380cb66a93d7d15565f67e9335293a3675e4078ce8e5c6,-33.3877,25.4955,2026-06-05T08:00:00Z,USER-0012,note,N
EVID-0233,ORG-0003,inspection,INSP-0033,note_evid-0233.txt,5fa7d2cea206105dee8089989cd57f1770a19f267de1f7238b6ecfade1eec6b9,-33.3754,25.5066,2026-06-05T11:00:00Z,USER-0013,note,N
EVID-0234,ORG-0004,inspection,INSP-0034,note_evid-0234.txt,a114829fc9dfb0fbbb044dd702e8f6f3d21146a64249516b03de658d26745fe1,-33.3631,25.5066,2026-06-05T14:00:00Z,USER-0014,note,N
EVID-0235,ORG-0005,incident,INC-0025,note_evid-0235.txt,17092c0ed94527318d05976e50936370eb99612f471abe089f6cca47f836e221,-33.3508,25.4622,2026-07-26T09:00:00Z,USER-0005,note,N
EVID-0236,ORG-0001,inspection,INSP-0036,note_evid-0236.txt,1514919c020c1c1422d86ab70ae74ab5f97cc3f5524be641869ff4f730c655c5,-33.3385,25.5177,2026-06-05T20:00:00Z,USER-0016,note,N
EVID-0237,ORG-0002,inspection,INSP-0037,note_evid-0237.txt,0378dedc20abb223fc0ff6e41549a2954eaffaa8f14810dc0d52fe57876b86a0,-33.3262,25.5288,2026-06-05T23:00:00Z,USER-0017,note,N
EVID-0238,ORG-0003,inspection,INSP-0038,note_evid-0238.txt,73c88f95e71dd589165a6ec79aad17a39a57cf7fedbedc4c5f5a88c42e15014d,-33.3139,25.5288,2026-06-06T02:00:00Z,USER-0018,note,N
EVID-0239,ORG-0004,inspection,INSP-0039,note_evid-0239.txt,aa32dfa012b81c01bcac52b2b1626b22a879e958707b7cbd77357b9d16e75a25,-33.3016,25.5399,2026-06-06T05:00:00Z,USER-0019,note,N
EVID-0240,ORG-0005,incident,INC-0030,note_evid-0240.txt,c07aabd02b5f08544321b53be733e2c7be7905ff0a397342432ae82ee001c5ac,-33.2893,25.4844,2026-07-31T09:00:00Z,USER-0010,note,N
EVID-0241,ORG-0001,inspection,INSP-0041,note_evid-0241.txt,64dc25c8d1fd5a04aba0180dbbeb80d4219505bb5c61b644e8a941333c24f391,-33.4000,25.4400,2026-06-06T11:00:00Z,USER-0001,note,N
EVID-0242,ORG-0002,inspection,INSP-0042,note_evid-0242.txt,888cbec61123b7c94ea743c4375e3878a0b42dd5d2036bf76d899320adf050f4,-33.3877,25.4400,2026-06-06T14:00:00Z,USER-0002,note,N
EVID-0243,ORG-0003,inspection,INSP-0043,note_evid-0243.txt,b4ef95d3918e6ffe44689097c7ce0c8a1ea59207fdd18f34e0e7dd68c2d0f932,-33.3754,25.4511,2026-06-06T17:00:00Z,USER-0003,note,N
EVID-0244,ORG-0004,inspection,INSP-0044,note_evid-0244.txt,d40f9d05ff0cf426e70f584cddcb9425b38002a5a21e132b2a78263e3a1ea9fd,-33.3631,25.4511,2026-06-06T20:00:00Z,USER-0004,note,N
EVID-0245,ORG-0005,incident,INC-0005,note_evid-0245.txt,ad85952f1dd4e4a7d8d2406819a2a462cf68510c13df387161f98b4b424864a5,-33.3508,25.4622,2026-07-06T09:00:00Z,USER-0005,note,N
EVID-0246,ORG-0001,inspection,INSP-0046,note_evid-0246.txt,48b33364b275cc1f6010387ca5a7f331c93b5d0268ddef75bfee54af8c0aedd0,-33.3385,25.4622,2026-06-07T02:00:00Z,USER-0006,note,N
EVID-0247,ORG-0002,inspection,INSP-0047,note_evid-0247.txt,b5a64650d0fa4e7dfeb9790a854adf789d4609f6fe8e97c79d959ad88a1d0505,-33.3262,25.4733,2026-06-07T05:00:00Z,USER-0007,note,N
EVID-0248,ORG-0003,inspection,INSP-0048,note_evid-0248.txt,28dfad34484b4c4453b58f701531fe949702a31020953304827d63a9df5ecb88,-33.3139,25.4733,2026-06-07T08:00:00Z,USER-0008,note,N
EVID-0249,ORG-0004,inspection,INSP-0049,note_evid-0249.txt,4c574d59e543a7b054fcbece82cd335752da3fe053489c290737b31fad5b7fe4,-33.3016,25.4844,2026-06-07T11:00:00Z,USER-0009,note,N
EVID-0250,ORG-0005,incident,INC-0010,note_evid-0250.txt,da377510a70d76cba4ebf26b59b9f71a4c24c302e9a54c67231d9911007b9b4c,-33.2893,25.4844,2026-07-11T09:00:00Z,USER-0010,note,N
EVID-0251,ORG-0001,inspection,INSP-0051,note_evid-0251.txt,e1373a15ae431dad42f9ba6eca4073edcf16dc690c1661a46b17cb14c26de21c,-33.4000,25.4400,2026-06-07T17:00:00Z,USER-0011,note,N
EVID-0252,ORG-0002,inspection,INSP-0052,note_evid-0252.txt,5124577c708df7ae448b103e784c1b3963417ed80872f33ff744f3289f5a7a56,-33.3877,25.4400,2026-06-07T20:00:00Z,USER-0012,note,N
EVID-0253,ORG-0003,inspection,INSP-0053,note_evid-0253.txt,5264dc20b27aba3dacf91528276a6602d6d1ceb8d5acc67eef975f1069a553c2,-33.3754,25.4511,2026-06-07T23:00:00Z,USER-0013,note,N
EVID-0254,ORG-0004,inspection,INSP-0054,note_evid-0254.txt,834aa9ab9c11159087f26067c4a7a71ae5fb5335992364c1a2a361b551ffc7f3,-33.3631,25.4511,2026-06-08T02:00:00Z,USER-0014,note,N
EVID-0255,ORG-0005,incident,INC-0015,note_evid-0255.txt,7a1f75e934725f08e4cee2da4289f49feae21114f38a90c6ce859c4a32477e68,-33.3508,25.5177,2026-07-16T09:00:00Z,USER-0015,note,N
EVID-0256,ORG-0001,inspection,INSP-0056,note_evid-0256.txt,2f8972c436131b456d424775e1e88cd1a1d908fce1334e8c5024b66723890c7b,-33.3385,25.4622,2026-06-08T08:00:00Z,USER-0016,note,N
EVID-0257,ORG-0002,inspection,INSP-0057,note_evid-0257.txt,c7735ff95932c5edb339caf08939ac4fbe2d502fa4239bb408794a833525377a,-33.3262,25.4733,2026-06-08T11:00:00Z,USER-0017,note,N
EVID-0258,ORG-0003,inspection,INSP-0058,note_evid-0258.txt,1ba7b608d7a63c2af1ab64b1e9340fb68476df1ef956f82df87ef47861e84a1f,-33.3139,25.4733,2026-06-08T14:00:00Z,USER-0018,note,N
EVID-0259,ORG-0004,inspection,INSP-0059,note_evid-0259.txt,69bff79f6843c112f86c7a46d0d463d206d8c3eb1110b707bad549f68bc3925f,-33.3016,25.4844,2026-06-08T17:00:00Z,USER-0019,note,N
EVID-0260,ORG-0005,incident,INC-0020,note_evid-0260.txt,e5f1a6cb334adf034d351b25415892ba63351393b1660b2201965b806d2f05fd,-33.2893,25.5399,2026-07-21T09:00:00Z,USER-0020,note,N
EVID-0261,ORG-0001,inspection,INSP-0061,note_evid-0261.txt,c988a853856db3e3eb8a9135fbc24ada0143e2747b6bf648872e9dd3c1b576a0,-33.4000,25.4955,2026-06-08T23:00:00Z,USER-0001,note,N
EVID-0262,ORG-0002,inspection,INSP-0062,note_evid-0262.txt,2c19be8a5e0e217c8c39e12ca9c145fb98bfeb385bca51c384e32be179399a6c,-33.3877,25.4955,2026-06-09T02:00:00Z,USER-0002,note,N
EVID-0263,ORG-0003,inspection,INSP-0063,note_evid-0263.txt,12b7b937804646e33e329bd38ac2c14df0e8ca68619bf6b5813a765cf2a81756,-33.3754,25.5066,2026-06-09T05:00:00Z,USER-0003,note,N
EVID-0264,ORG-0004,inspection,INSP-0064,note_evid-0264.txt,58d249794598b2b758221d8ab660c850ce3d5d09ff3f34525d3e4a2b81fb9382,-33.3631,25.5066,2026-06-09T08:00:00Z,USER-0004,note,N
EVID-0265,ORG-0005,incident,INC-0025,note_evid-0265.txt,96d35b4df6138abf4534fcb7108d915218856b5d30e237006002d6046fb47a55,-33.3508,25.4622,2026-07-26T09:00:00Z,USER-0005,note,N
EVID-0266,ORG-0001,inspection,INSP-0066,note_evid-0266.txt,d89651c02eda9d73acdb4fee2213aff92303b788f6ff94d9c9d937f960129ac4,-33.3385,25.5177,2026-06-09T14:00:00Z,USER-0006,note,N
EVID-0267,ORG-0002,inspection,INSP-0067,note_evid-0267.txt,31de6a22950afea789b1410f4c8d9097acdfa0eab6ac6bb37c7000e297998619,-33.3262,25.5288,2026-06-09T17:00:00Z,USER-0007,note,N
EVID-0268,ORG-0003,inspection,INSP-0068,note_evid-0268.txt,df3ae7b5ef35f870c313422f4ed566868a21aee6a52e9fcf8c0316462f58d261,-33.3139,25.5288,2026-06-09T20:00:00Z,USER-0008,note,N
EVID-0269,ORG-0004,inspection,INSP-0069,note_evid-0269.txt,b98c069da86e531b7c0c4d2a77753cf10eaf8addc5f56d988c84fbe12cf28be9,-33.3016,25.5399,2026-06-09T23:00:00Z,USER-0009,note,N
EVID-0270,ORG-0005,incident,INC-0030,note_evid-0270.txt,58fe31105f07500bd879bdd8dc21181ba160fefc988a4f0fcf93f2aa9199f63e,-33.2893,25.4844,2026-07-31T09:00:00Z,USER-0010,note,N
EVID-0271,ORG-0001,inspection,INSP-0071,note_evid-0271.txt,62f36c98dec6956759de678f6f3485fd3ca9c90998202cc5657a83d580227768,-33.4000,25.4400,2026-06-10T05:00:00Z,USER-0011,note,N
EVID-0272,ORG-0002,inspection,INSP-0072,note_evid-0272.txt,9d07f2c42ba3eb3ca1cb895fe1cb363136076c6d65705c734872ad8f7ce05f11,-33.3877,25.4400,2026-06-10T08:00:00Z,USER-0012,note,N
EVID-0273,ORG-0003,inspection,INSP-0073,note_evid-0273.txt,cf71185d1ebf2ef807dbe77918495afad1631d18972ef1b6e537a4c586e521b4,-33.3754,25.4511,2026-06-10T11:00:00Z,USER-0013,note,N
EVID-0274,ORG-0004,inspection,INSP-0074,note_evid-0274.txt,a5485d5a9df486b0a0103555394eda3e5c5ce76aba9ef0bb6254997f18a4988a,-33.3631,25.4511,2026-06-10T14:00:00Z,USER-0014,note,N
EVID-0275,ORG-0005,incident,INC-0005,note_evid-0275.txt,aa47d392add52539f7165fdd9692381cdbdd33d9aaa00bd8c38f94a953c05d27,-33.3508,25.4622,2026-07-06T09:00:00Z,USER-0005,note,N
EVID-0276,ORG-0001,inspection,INSP-0076,note_evid-0276.txt,c998a7af7e314508939bad033ea8b152ee28aa99ec80a8a06a3f5da0f8c474e4,-33.3385,25.4622,2026-06-10T20:00:00Z,USER-0016,note,N
EVID-0277,ORG-0002,inspection,INSP-0077,note_evid-0277.txt,93dae0532653f92ab584644bf573cbf26f446993471d9ebdd771cea315936b38,-33.3262,25.4733,2026-06-10T23:00:00Z,USER-0017,note,N
EVID-0278,ORG-0003,inspection,INSP-0078,note_evid-0278.txt,b2cf29ef35cba7fdb65b95d59a7f391d59449297edb03b47683b846f9a98bb5a,-33.3139,25.4733,2026-06-11T02:00:00Z,USER-0018,note,N
EVID-0279,ORG-0004,inspection,INSP-0079,note_evid-0279.txt,a42ca243167c1eb59001d0042894d1fe24d4c914111edef76f6ddac0b873e2b4,-33.3016,25.4844,2026-06-11T05:00:00Z,USER-0019,note,N
EVID-0280,ORG-0005,incident,INC-0010,note_evid-0280.txt,b554ff3ea69f0edddfaa50817c59b797ddea66ca70cb2a3377f4a285b604f67f,-33.2893,25.4844,2026-07-11T09:00:00Z,USER-0010,note,N
EVID-0281,ORG-0001,inspection,INSP-0081,note_evid-0281.txt,311dc2828827224ebd26e5d40be4c86b8e2dd32eb7acbb9626ccf796576c838e,-33.4000,25.4955,2026-06-11T11:00:00Z,USER-0001,note,N
EVID-0282,ORG-0002,inspection,INSP-0082,note_evid-0282.txt,9e96261d7beba91f4b16a332dafc8ccf9214151c91d1fd844d0b02f87fc21764,-33.3877,25.4955,2026-06-11T14:00:00Z,USER-0002,note,N
EVID-0283,ORG-0003,inspection,INSP-0083,note_evid-0283.txt,223926c881f0a80204e0889522dddb98401c9974352f6c48b9c6c968250a8976,-33.3754,25.5066,2026-06-11T17:00:00Z,USER-0003,note,N
EVID-0284,ORG-0004,inspection,INSP-0084,note_evid-0284.txt,df93c0ab7b56546ea5eccdcabfd8d980f18e84ab216b2bbc5ad65c3180052c86,-33.3631,25.5066,2026-06-11T20:00:00Z,USER-0004,note,N
EVID-0285,ORG-0005,incident,INC-0015,note_evid-0285.txt,8fa405871536364a6413263195a5d2e3eafed856d533ec5ff410c032e3d22a37,-33.3508,25.5177,2026-07-16T09:00:00Z,USER-0015,note,N
EVID-0286,ORG-0001,inspection,INSP-0086,note_evid-0286.txt,a783c8e512bc210fcc9f9ef03792c9b8ef891202043dadf11648bbe82e72973c,-33.3385,25.5177,2026-06-12T02:00:00Z,USER-0006,note,N
EVID-0287,ORG-0002,inspection,INSP-0087,note_evid-0287.txt,4bb0fa5449f6b1d569e7bc2316fdd3fcf89100706f2a061ede3cb6303919aab4,-33.3262,25.5288,2026-06-12T05:00:00Z,USER-0007,note,N
EVID-0288,ORG-0003,inspection,INSP-0088,note_evid-0288.txt,72ef2fa7f84325eeea4aa50721d5401e3690d360281a44bb6db21efa0b016e1d,-33.3139,25.5288,2026-06-12T08:00:00Z,USER-0008,note,N
EVID-0289,ORG-0004,inspection,INSP-0089,note_evid-0289.txt,7d0c96863d1129d59bad1a1b6726bab645a430138b2fe282c2bd7d4b11a9a297,-33.3016,25.5399,2026-06-12T11:00:00Z,USER-0009,note,N
EVID-0290,ORG-0005,incident,INC-0020,note_evid-0290.txt,8e5be6777b0a3a815dc473cd1e74ad852b926ed981999e3185c0628fd588b38d,-33.2893,25.5399,2026-07-21T09:00:00Z,USER-0020,note,N
EVID-0291,ORG-0001,inspection,INSP-0091,note_evid-0291.txt,5cc80b272055f51fedb697625cd355a6a19b0325fa28ec955cd914e9e31cec2e,-33.4000,25.4400,2026-06-12T17:00:00Z,USER-0011,note,N
EVID-0292,ORG-0002,inspection,INSP-0092,note_evid-0292.txt,f4a86d20bf9fbb9359e215785bad60c92dde70a01d741bae9813935e2d6b68f8,-33.3877,25.4400,2026-06-12T20:00:00Z,USER-0012,note,N
EVID-0293,ORG-0003,inspection,INSP-0093,note_evid-0293.txt,657803a41cfd1a36f86e3280ffc50d0f36c021c87f34fac98386020e0de32809,-33.3754,25.4511,2026-06-12T23:00:00Z,USER-0013,note,N
EVID-0294,ORG-0004,inspection,INSP-0094,note_evid-0294.txt,701fac67e5cf0b0a4b3356030aee22dc691be23de909dadc652fd8282baeb55d,-33.3631,25.4511,2026-06-13T02:00:00Z,USER-0014,note,N
EVID-0295,ORG-0005,incident,INC-0025,note_evid-0295.txt,31c3e48306d98ce5e30af4341ffadffedf2d33a51f15dc5c3f58c662bce99bd6,-33.3508,25.4622,2026-07-26T09:00:00Z,USER-0005,note,N
EVID-0296,ORG-0001,inspection,INSP-0096,note_evid-0296.txt,317f52a9d8cc0ea6e752ebad1d0bd04a34485bae955762e69db2d7e7663411da,-33.3385,25.4622,2026-06-13T08:00:00Z,USER-0016,note,N
EVID-0297,ORG-0002,inspection,INSP-0097,note_evid-0297.txt,d7d8f3c2f94c0c71327a788a050db5ffaec7a6245c8cf2dfe2c3ebf4876268bf,-33.3262,25.4733,2026-06-13T11:00:00Z,USER-0017,note,N
EVID-0298,ORG-0003,inspection,INSP-0098,note_evid-0298.txt,f4c5ef990dd01dc4e8ac9a81537ddb6620b9011adea99b3983fcfbc014f7e756,-33.3139,25.4733,2026-06-13T14:00:00Z,USER-0018,note,N
EVID-0299,ORG-0004,inspection,INSP-0099,note_evid-0299.txt,09860be4978cfe0c8df19ba466d55f8e141b9a7e5c8e8381c82c6aae35129572,-33.3016,25.4844,2026-06-13T17:00:00Z,USER-0019,note,N
EVID-0300,ORG-0005,incident,INC-0030,note_evid-0300.txt,40ec93009c65378df1f27f8eb9877a1522b73ea4c2b408f90d6218bc009e6921,-33.2893,25.4844,2026-07-31T09:00:00Z,USER-0010,note,N
EVID-0301,ORG-0001,inspection,INSP-0101,note_evid-0301.txt,548a43b2f5e6f1e6bd21697dc77edc9c0dff6f7835b39c622868997f6cf03919,-33.4000,25.4400,2026-06-13T23:00:00Z,USER-0001,note,N
EVID-0302,ORG-0002,inspection,INSP-0102,note_evid-0302.txt,5c540fa1c7ba2706418ff7e47cb2f847e3c1d52e26504f4eb087168801e73b91,-33.3877,25.4400,2026-06-14T02:00:00Z,USER-0002,note,N
EVID-0303,ORG-0003,inspection,INSP-0103,note_evid-0303.txt,f2611c69c63e1fa1aeadb9ad2407da47ba33186be2fdf4a3660ec05244f49425,-33.3754,25.4511,2026-06-14T05:00:00Z,USER-0003,note,N
EVID-0304,ORG-0004,inspection,INSP-0104,note_evid-0304.txt,4b6f955092c065e67b02fe5883e5f5160977577942bc20515eed4853f25311fa,-33.3631,25.4511,2026-06-14T08:00:00Z,USER-0004,note,N
EVID-0305,ORG-0005,incident,INC-0005,note_evid-0305.txt,1eab5c0d0e7bc336a2bfe399516915ac081ca8a80c36d893052fddf723519ba8,-33.3508,25.4622,2026-07-06T09:00:00Z,USER-0005,note,N
EVID-0306,ORG-0001,inspection,INSP-0106,note_evid-0306.txt,4c8becd296a085d98f4949f19f4282edc656cf98a1e054e9fe3fa60af79774f1,-33.3385,25.4622,2026-06-14T14:00:00Z,USER-0006,note,N
EVID-0307,ORG-0002,inspection,INSP-0107,note_evid-0307.txt,7b36fd658c7616801db48b8f5bead79315ab7218706262cddcf5e062e83cbe97,-33.3262,25.4733,2026-06-14T17:00:00Z,USER-0007,note,N
EVID-0308,ORG-0003,inspection,INSP-0108,note_evid-0308.txt,a6f9fa058688921a65066d413e354e6aff9ecefcf7b688c26a09cc53fd161d9c,-33.3139,25.4733,2026-06-14T20:00:00Z,USER-0008,note,N
EVID-0309,ORG-0004,inspection,INSP-0109,note_evid-0309.txt,62916a76ceda6baf781991534eb95db6f7b6bf5fe4263a2992f05dddcc9fce29,-33.3016,25.4844,2026-06-14T23:00:00Z,USER-0009,note,N
EVID-0310,ORG-0005,incident,INC-0010,note_evid-0310.txt,cdb58ff570d8e050e7b4b1b2988db6d2f44286c1ba14f8401675b338e33d58e7,-33.2893,25.4844,2026-07-11T09:00:00Z,USER-0010,note,N
EVID-0311,ORG-0001,inspection,INSP-0111,note_evid-0311.txt,3b13ac5f6c08f3c68fe3c8e5d29850573131067e8328230c1cfc103b925ba072,-33.4000,25.4955,2026-06-15T05:00:00Z,USER-0011,note,N
EVID-0312,ORG-0002,inspection,INSP-0112,note_evid-0312.txt,3bda5006191a7008016f7ba758fbb5eac3fa4f45f5badb3fd8e1271d7f7a5523,-33.3877,25.4955,2026-06-15T08:00:00Z,USER-0012,note,N
EVID-0313,ORG-0003,inspection,INSP-0113,note_evid-0313.txt,45371d9215092c1b975d9aa0bdfb3dd4474c4552f0a223b3e4463aff40d77b9e,-33.3754,25.5066,2026-06-15T11:00:00Z,USER-0013,note,N
EVID-0314,ORG-0004,inspection,INSP-0114,note_evid-0314.txt,d0ec60925d62aab6f4be0772fa24fba9d509610a360489382f1fe8808169b08a,-33.3631,25.5066,2026-06-15T14:00:00Z,USER-0014,note,N
EVID-0315,ORG-0005,incident,INC-0015,note_evid-0315.txt,f34a87d3064aceeb45d0ca53ee03af9e9533aac79af408d5f3d493f1d57872ba,-33.3508,25.5177,2026-07-16T09:00:00Z,USER-0015,note,N
EVID-0316,ORG-0001,inspection,INSP-0116,note_evid-0316.txt,b1597b869806242accfe7fb57c90834f2780aff77e76bc93f740890cc833fb86,-33.3385,25.5177,2026-06-15T20:00:00Z,USER-0016,note,N
EVID-0317,ORG-0002,inspection,INSP-0117,note_evid-0317.txt,05632c02600eb88587eae243b6729377c3c64063873ae3919471bb10d9ae6cd5,-33.3262,25.5288,2026-06-15T23:00:00Z,USER-0017,note,N
EVID-0318,ORG-0003,inspection,INSP-0118,note_evid-0318.txt,4e92ac6366359249a92cdf3f5ef395a60722aba911663c486b01811b99ad8305,-33.3139,25.5288,2026-06-16T02:00:00Z,USER-0018,note,N
EVID-0319,ORG-0004,inspection,INSP-0119,note_evid-0319.txt,682d469a41bbc1ea6f47183d7390000a26c672df99191457f8e93ca2d9fd9f39,-33.3016,25.5399,2026-06-16T05:00:00Z,USER-0019,note,N
EVID-0320,ORG-0005,incident,INC-0020,note_evid-0320.txt,bd5e8806c32fb9f7f5e3fd5e692d8703b4ba44f95f496eeb7f5082571d73e6d0,-33.2893,25.5399,2026-07-21T09:00:00Z,USER-0020,note,N
EVID-0321,ORG-0001,inspection,INSP-0121,note_evid-0321.txt,441de0b214719af8ec317aab01ab9d2aad8e982fab006dccc8c4f5cc9f448e23,-33.4000,25.4400,2026-06-16T11:00:00Z,USER-0001,note,N
EVID-0322,ORG-0002,inspection,INSP-0122,note_evid-0322.txt,b0bfdafec4a3ee8da35db02ab1ad6a11c7c1f5da18e0c60215a2de4ef80d966f,-33.3877,25.4400,2026-06-16T14:00:00Z,USER-0002,note,N
EVID-0323,ORG-0003,inspection,INSP-0123,note_evid-0323.txt,5a3f70b2322ba3877d6077932aa37b4b748c50aa8e4a0452a79d0e584073cbbe,-33.3754,25.4511,2026-06-16T17:00:00Z,USER-0003,note,N
EVID-0324,ORG-0004,inspection,INSP-0124,note_evid-0324.txt,996fa5a5fe6c729a6b123fa156916cce39087da9a9eea93c492c9b98c6111b87,-33.3631,25.4511,2026-06-16T20:00:00Z,USER-0004,note,N
EVID-0325,ORG-0005,incident,INC-0025,note_evid-0325.txt,e7104c4e0d396f5e14c005b3bd140a1445e705ffe99e4c7412fce5b1a38bf738,-33.3508,25.4622,2026-07-26T09:00:00Z,USER-0005,note,N
EVID-0326,ORG-0001,inspection,INSP-0126,note_evid-0326.txt,73e27dd4237579f5ea0d130305204672a98b642d52ba118fd6fbdaa38cf91fe0,-33.3385,25.4622,2026-06-17T02:00:00Z,USER-0006,note,N
EVID-0327,ORG-0002,inspection,INSP-0127,note_evid-0327.txt,231b2a99b5ab45044ec2b63325cc042673ba80133121506db653558a2c2e481a,-33.3262,25.4733,2026-06-17T05:00:00Z,USER-0007,note,N
EVID-0328,ORG-0003,inspection,INSP-0128,note_evid-0328.txt,cbbeee84b8a0ed205fa525dcb2641cd1c0508c6a6d003c3629354e3c75853fc1,-33.3139,25.4733,2026-06-17T08:00:00Z,USER-0008,note,N
EVID-0329,ORG-0004,inspection,INSP-0129,note_evid-0329.txt,9b7776154500a3f1f5c5a37e23eccb7eb70a184a194015dff7708d1f067ef784,-33.3016,25.4844,2026-06-17T11:00:00Z,USER-0009,note,N
EVID-0330,ORG-0005,incident,INC-0030,note_evid-0330.txt,9329be98c2292d764f3f1e070757534e83137f8322b2ae6d1841282d74dcc841,-33.2893,25.4844,2026-07-31T09:00:00Z,USER-0010,note,N
EVID-0331,ORG-0001,inspection,INSP-0131,note_evid-0331.txt,5cfeb8bf11741d5ca5fe5be2a28f8a74f6a7a0ebeb2ba22dd65b3b609a6120ae,-33.4000,25.4955,2026-06-17T17:00:00Z,USER-0011,note,N
EVID-0332,ORG-0002,inspection,INSP-0132,note_evid-0332.txt,7a76d97d3956a352ebdc65e4b080c6d7f1ac03796835f43fb6d3321b74f69b69,-33.3877,25.4955,2026-06-17T20:00:00Z,USER-0012,note,N
EVID-0333,ORG-0003,inspection,INSP-0133,note_evid-0333.txt,9245124aa2e39845f3289aa0a9ac4dc86f4d97fc62d80e809254169c5168d613,-33.3754,25.5066,2026-06-17T23:00:00Z,USER-0013,note,N
EVID-0334,ORG-0004,inspection,INSP-0134,note_evid-0334.txt,1cff843d707ee0dbfec8500f77eb77a5834e8f04e9f51b4368c7be9c2a21f94e,-33.3631,25.5066,2026-06-18T02:00:00Z,USER-0014,note,N
EVID-0335,ORG-0005,incident,INC-0005,note_evid-0335.txt,b03eee6701dd91be9fbd11887b980e702d54e3a02c189fd80d85ee9443a42b5c,-33.3508,25.4622,2026-07-06T09:00:00Z,USER-0005,note,N
EVID-0336,ORG-0001,inspection,INSP-0136,note_evid-0336.txt,421d34ae4209a53578704b6cc8c5760045d8a4b6a5df81dda4f88633ac45f150,-33.3385,25.5177,2026-06-18T08:00:00Z,USER-0016,note,N
EVID-0337,ORG-0002,inspection,INSP-0137,note_evid-0337.txt,d0a1ff9e314d4c73306f6153ed14529b56ca3f3ca6fadbf1b01a57ed9fabd6b3,-33.3262,25.5288,2026-06-18T11:00:00Z,USER-0017,note,N
EVID-0338,ORG-0003,inspection,INSP-0138,note_evid-0338.txt,7d57caaf48e52762c017b99b63a04e43784f65d4747215cb6a89fd8235f3cfe0,-33.3139,25.5288,2026-06-18T14:00:00Z,USER-0018,note,N
EVID-0339,ORG-0004,inspection,INSP-0139,note_evid-0339.txt,4490e6dc721ced9c1c0e1f63323411670f2bb7257f9a221b1bf0c7b1559ab1f7,-33.3016,25.5399,2026-06-18T17:00:00Z,USER-0019,note,N
EVID-0340,ORG-0005,incident,INC-0010,note_evid-0340.txt,6738bb01918412758d5e12e2911bce5cad26ae119afa2fae0b08b5db525fce3e,-33.2893,25.4844,2026-07-11T09:00:00Z,USER-0010,note,N
EVID-0341,ORG-0001,inspection,INSP-0141,note_evid-0341.txt,9fce68b88eb9c0df98f77a8e032cd73dcc6bac4bf556c09f69e48c17609a3bc0,-33.4000,25.4400,2026-06-18T23:00:00Z,USER-0001,note,N
EVID-0342,ORG-0002,inspection,INSP-0142,note_evid-0342.txt,4ff520d67b531e1901fb41d1f9a12e95cc0624af016d7625c2f88255ff7ec403,-33.3877,25.4400,2026-06-19T02:00:00Z,USER-0002,note,N
EVID-0343,ORG-0003,inspection,INSP-0143,note_evid-0343.txt,c076bff66e5f48367804b2c78ac559e6a5cd9d0fa8efcbde060d7b4be0ae02e2,-33.3754,25.4511,2026-06-19T05:00:00Z,USER-0003,note,N
EVID-0344,ORG-0004,inspection,INSP-0144,note_evid-0344.txt,d6f77ae864f608ce471e9900199aa8a9441a4048ece125bd812cae3f1000292a,-33.3631,25.4511,2026-06-19T08:00:00Z,USER-0004,note,N
EVID-0345,ORG-0005,incident,INC-0015,note_evid-0345.txt,5c74cc8b8d81692e21b323dfafc11a8d15924b41cbc5bf01832e9554a397978f,-33.3508,25.5177,2026-07-16T09:00:00Z,USER-0015,note,N
EVID-0346,ORG-0001,inspection,INSP-0146,note_evid-0346.txt,0f52098c86b856b3316d947a82ef0c476b2db45a9244bf151eacf2cb2ca1f899,-33.3385,25.4622,2026-06-19T14:00:00Z,USER-0006,note,N
EVID-0347,ORG-0002,inspection,INSP-0147,note_evid-0347.txt,8623d7687e960307fcba75891e1a2c934047ea14ed8a64694da15e5b7fcdd345,-33.3262,25.4733,2026-06-19T17:00:00Z,USER-0007,note,N
EVID-0348,ORG-0003,inspection,INSP-0148,note_evid-0348.txt,704dec08a5393526dd4076ff4d068e4feafe2bc3f4e886fe1a91de95b2003559,-33.3139,25.4733,2026-06-19T20:00:00Z,USER-0008,note,N
EVID-0349,ORG-0004,inspection,INSP-0149,note_evid-0349.txt,7e9df1891595a489c9f24e23013f701115c3bfe1e29341b81537d78c04e35a4b,-33.3016,25.4844,2026-06-19T23:00:00Z,USER-0009,note,N
EVID-0350,ORG-0005,incident,INC-0020,note_evid-0350.txt,25c9af0d8cd3b36cd748e2d74dbb29c01a1b258e6920e34745ae61771dc9c149,-33.2893,25.5399,2026-07-21T09:00:00Z,USER-0020,note,N
EVID-0351,ORG-0001,inspection,INSP-0151,note_evid-0351.txt,d7a3857f5e623957c24bc675b0fbed261691d9e870530192235f31ccff667687,-33.4000,25.4400,2026-06-20T05:00:00Z,USER-0011,note,N
EVID-0352,ORG-0002,inspection,INSP-0152,note_evid-0352.txt,c3482035ff5a3de0c881cb6127979c53283c9e270a4fd1031b1bdc1127519df9,-33.3877,25.4400,2026-06-20T08:00:00Z,USER-0012,note,N
EVID-0353,ORG-0003,inspection,INSP-0153,note_evid-0353.txt,99bcbb2ed1d2d554f4ab229984f94de52c2be0196218cb82ba6ba3ef97237be6,-33.3754,25.4511,2026-06-20T11:00:00Z,USER-0013,note,N
EVID-0354,ORG-0004,inspection,INSP-0154,note_evid-0354.txt,9baf35a27f6835c4f7bf4f3d682a815e688b7a5c9ae49d06a88e434543967314,-33.3631,25.4511,2026-06-20T14:00:00Z,USER-0014,note,N
EVID-0355,ORG-0005,incident,INC-0025,note_evid-0355.txt,d5f0eddc464081ebb5375cafc90a3ced99d81c57b6223a254435c894d32de819,-33.3508,25.4622,2026-07-26T09:00:00Z,USER-0005,note,N
EVID-0356,ORG-0001,inspection,INSP-0156,note_evid-0356.txt,c7edd102f2a536f9ec1584e3a22efe61ce5637561f9c5cef2806b9761b6c6d7a,-33.3385,25.4622,2026-06-20T20:00:00Z,USER-0016,note,N
EVID-0357,ORG-0002,inspection,INSP-0157,note_evid-0357.txt,46c4eb57df94674779e7b55ff1e5a02d717b00b9b5e83fc74131df0b47b91720,-33.3262,25.4733,2026-06-20T23:00:00Z,USER-0017,note,N
EVID-0358,ORG-0003,inspection,INSP-0158,note_evid-0358.txt,3186b1e254d604a73cca4c4a98cc6c01d2b2f56d9f4e8556058e90dc904eb69a,-33.3139,25.4733,2026-06-21T02:00:00Z,USER-0018,note,N
EVID-0359,ORG-0004,inspection,INSP-0159,note_evid-0359.txt,9c093715bbc747070c7a73880e92d306c1c33c860046fadfc308fc688d56a933,-33.3016,25.4844,2026-06-21T05:00:00Z,USER-0019,note,N
EVID-0360,ORG-0005,incident,INC-0030,note_evid-0360.txt,b3fc17fc97e3fab4671e147f155708c51695380df831b02de3c92e3a9928d087,-33.2893,25.4844,2026-07-31T09:00:00Z,USER-0010,note,N
EVID-0361,ORG-0001,inspection,INSP-0161,note_evid-0361.txt,0230eb7085e62f7cc1f3425e535f0c9a7a727440256ed1011ef9d9f6c3d94015,-33.4000,25.4955,2026-06-21T11:00:00Z,USER-0001,note,N
EVID-0362,ORG-0002,inspection,INSP-0162,note_evid-0362.txt,c63201f08f542c3a662abf0abaff76c608c8a489f2e354e8b1f9cb4648874f60,-33.3877,25.4955,2026-06-21T14:00:00Z,USER-0002,note,N
EVID-0363,ORG-0003,inspection,INSP-0163,note_evid-0363.txt,01b09645442e1b4a077f32c6d020d8f579f2fe3bc786dbe1de883b0e0c09f603,-33.3754,25.5066,2026-06-21T17:00:00Z,USER-0003,note,N
EVID-0364,ORG-0004,inspection,INSP-0164,note_evid-0364.txt,c16d3871a9b5f951b08f7ec2605ecb15f2de1d0ecbb6d7f02f019178da5c8eeb,-33.3631,25.5066,2026-06-21T20:00:00Z,USER-0004,note,N
EVID-0365,ORG-0005,incident,INC-0005,note_evid-0365.txt,11e396b5c367341ad792de85367cf16974b3fb6a45d13276853d53d388cebce9,-33.3508,25.4622,2026-07-06T09:00:00Z,USER-0005,note,N
EVID-0366,ORG-0001,inspection,INSP-0166,note_evid-0366.txt,ee4537ca64289ce93da6973af5dab0caee242af668a0554ddf6eb2011973764d,-33.3385,25.5177,2026-06-22T02:00:00Z,USER-0006,note,N
EVID-0367,ORG-0002,inspection,INSP-0167,note_evid-0367.txt,64ed6465712d65d57a380ee60497b848f64608ce6bd86898512ad9458f8cbdaa,-33.3262,25.5288,2026-06-22T05:00:00Z,USER-0007,note,N
EVID-0368,ORG-0003,inspection,INSP-0168,note_evid-0368.txt,1f4d188ecbf6dd15080fd939a93295ec2fcbe670c7c2ad7aaf3254594f5be5aa,-33.3139,25.5288,2026-06-22T08:00:00Z,USER-0008,note,N
EVID-0369,ORG-0004,inspection,INSP-0169,note_evid-0369.txt,0de3a29c139145a7aa0a8c9d9bd028c9ee758520ef43cf73eceefe14bc37a18b,-33.3016,25.5399,2026-06-22T11:00:00Z,USER-0009,note,N
EVID-0370,ORG-0005,incident,INC-0010,note_evid-0370.txt,147c32c2116b83353873ca587547a12f88a01e898074b7156a13bb803d33b3b7,-33.2893,25.4844,2026-07-11T09:00:00Z,USER-0010,note,N
EVID-0371,ORG-0001,inspection,INSP-0171,note_evid-0371.txt,7335b9f2a484d39dba04d6977cc12579adc651daf38c9758a83090da20a8c088,-33.4000,25.4400,2026-06-22T17:00:00Z,USER-0011,note,N
EVID-0372,ORG-0002,inspection,INSP-0172,note_evid-0372.txt,14e199b4a09131f4e0be65e3097d67c3d9ce213b9c3589d0ca312992fed0b7ad,-33.3877,25.4400,2026-06-22T20:00:00Z,USER-0012,note,N
EVID-0373,ORG-0003,inspection,INSP-0173,note_evid-0373.txt,a68ea400675cb6576aae5c6e4929b231432d764e4d10628cfd0e2715fd793969,-33.3754,25.4511,2026-06-22T23:00:00Z,USER-0013,note,N
EVID-0374,ORG-0004,inspection,INSP-0174,note_evid-0374.txt,c673a8438f2547faff60286d0a9c5ef74c307112347418d12268633e35ec103c,-33.3631,25.4511,2026-06-23T02:00:00Z,USER-0014,note,N
EVID-0375,ORG-0005,incident,INC-0015,note_evid-0375.txt,1638e1eb615f91633eec8e89f1aba61f80dd5119846da94f8d21a0efcf25fb62,-33.3508,25.5177,2026-07-16T09:00:00Z,USER-0015,note,N
EVID-0376,ORG-0001,inspection,INSP-0176,note_evid-0376.txt,bb99aeb74f2d83720ec7202ecbf59ff0d1c8784dadee283fd568a08ff2af06ed,-33.3385,25.4622,2026-06-23T08:00:00Z,USER-0016,note,N
EVID-0377,ORG-0002,inspection,INSP-0177,note_evid-0377.txt,998cb23e1cc09a20ccfb4045f99ab461aac413c8668113c7a47fc66b48127b0a,-33.3262,25.4733,2026-06-23T11:00:00Z,USER-0017,note,N
EVID-0378,ORG-0003,inspection,INSP-0178,note_evid-0378.txt,3d9881749710ff6cfa95b7eca7b08d8373a1c8c4fb83a5d15b23afe95509dc21,-33.3139,25.4733,2026-06-23T14:00:00Z,USER-0018,note,N
EVID-0379,ORG-0004,inspection,INSP-0179,note_evid-0379.txt,b40b70681626e3f94b1184a343fda4bb1cae2f34e099fbda00b11e0ac19297f0,-33.3016,25.4844,2026-06-23T17:00:00Z,USER-0019,note,N
EVID-0380,ORG-0005,incident,INC-0020,note_evid-0380.txt,f5e649973848bf95fad00089e172e36e896df2a58872cba8c86f358644554c16,-33.2893,25.5399,2026-07-21T09:00:00Z,USER-0020,note,N
EVID-0381,ORG-0001,inspection,INSP-0181,note_evid-0381.txt,88da6b88254e8f5b1d26dc113fa5f08ebe7e4ff7ebb5e59c0b5a40b496f8014c,-33.4000,25.4955,2026-06-23T23:00:00Z,USER-0001,note,N
EVID-0382,ORG-0002,inspection,INSP-0182,note_evid-0382.txt,7ac9bc1e1cd1f63066e2b5acbf75662c48f772dff41efedb8ca885fb3a18e5e0,-33.3877,25.4955,2026-06-24T02:00:00Z,USER-0002,note,N
EVID-0383,ORG-0003,inspection,INSP-0183,note_evid-0383.txt,57eb8898294709c6059362123d4823453030dad094a0f27f075be66c46791934,-33.3754,25.5066,2026-06-24T05:00:00Z,USER-0003,note,N
EVID-0384,ORG-0004,inspection,INSP-0184,note_evid-0384.txt,028d912e1da2c621e191b4d6f82e8f49a74f7c8f7c77c6ff940036bb818e6059,-33.3631,25.5066,2026-06-24T08:00:00Z,USER-0004,note,N
EVID-0385,ORG-0005,incident,INC-0025,note_evid-0385.txt,aeade8c8b717392d9248f7ad1d252673aa3627641ec31915d8e8a41d5d2984e1,-33.3508,25.4622,2026-07-26T09:00:00Z,USER-0005,note,N
EVID-0386,ORG-0001,inspection,INSP-0186,note_evid-0386.txt,93a4764279b3239067363ac9c0fa191ea0b1d868eb7aa08b9c1bb8899fd9a394,-33.3385,25.5177,2026-06-24T14:00:00Z,USER-0006,note,N
EVID-0387,ORG-0002,inspection,INSP-0187,note_evid-0387.txt,71aa37d51d1ca4d0fd1010b1c8754733ef7e4efe2da18a83efbcde77a3e25ccb,-33.3262,25.5288,2026-06-24T17:00:00Z,USER-0007,note,N
EVID-0388,ORG-0003,inspection,INSP-0188,note_evid-0388.txt,e3e5589fdd13ff05377396d28585a6d0d448b3a20252aee1ce68d2ffb7837ca3,-33.3139,25.5288,2026-06-24T20:00:00Z,USER-0008,note,N
EVID-0389,ORG-0004,inspection,INSP-0189,note_evid-0389.txt,d08aab07eed66fd715853af6ba1072e2ae11ec8274633cc0bfa0e2c3e2a7e50d,-33.3016,25.5399,2026-06-24T23:00:00Z,USER-0009,note,N
EVID-0390,ORG-0005,incident,INC-0030,note_evid-0390.txt,2326498091ff5e2306c2c1a6f690e80fb6d622e0ac2e8bd480a467fa335e6a82,-33.2893,25.4844,2026-07-31T09:00:00Z,USER-0010,note,N
EVID-0391,ORG-0001,inspection,INSP-0191,note_evid-0391.txt,2c9f24ba73b06f05c52a806315236d171e5654f0c21e5c3ec2e37abbee0fb002,-33.4000,25.4400,2026-06-25T05:00:00Z,USER-0011,note,N
EVID-0392,ORG-0002,inspection,INSP-0192,note_evid-0392.txt,03194f7a9245644588e1c78c9920d59300d86c16502ccbe55bb6080b549784dc,-33.3877,25.4400,2026-06-25T08:00:00Z,USER-0012,note,N
EVID-0393,ORG-0003,inspection,INSP-0193,note_evid-0393.txt,69f284bc9ac048d513c1f9407ea40bc48515810c0b6351e44049c5f1cecdf80f,-33.3754,25.4511,2026-06-25T11:00:00Z,USER-0013,note,N
EVID-0394,ORG-0004,inspection,INSP-0194,note_evid-0394.txt,8ab85acb9c580ada3be7f057a20005a0b7735f4cb919bf4ee5828652cc6fb39e,-33.3631,25.4511,2026-06-25T14:00:00Z,USER-0014,note,N
EVID-0395,ORG-0005,incident,INC-0005,note_evid-0395.txt,84fd1647d39f256988742181e7b72b63238070d716a91425b3406a2e69398839,-33.3508,25.4622,2026-07-06T09:00:00Z,USER-0005,note,N
EVID-0396,ORG-0001,inspection,INSP-0196,note_evid-0396.txt,922ad21513be23a8580a405cfb1da4d9745842b20d201a730a0c7215fad9bc1d,-33.3385,25.4622,2026-06-25T20:00:00Z,USER-0016,note,N
EVID-0397,ORG-0002,inspection,INSP-0197,note_evid-0397.txt,df257c22c23cf1bcb9814821893f128b7a644cb22d705856083513f6b06bbf70,-33.3262,25.4733,2026-06-25T23:00:00Z,USER-0017,note,N
EVID-0398,ORG-0003,inspection,INSP-0198,note_evid-0398.txt,5b750d2a1143aec6a62536cd940b4c1ebb8e040026ad2f8c0a1a858c3769b728,-33.3139,25.4733,2026-06-26T02:00:00Z,USER-0018,note,N
EVID-0399,ORG-0004,inspection,INSP-0199,note_evid-0399.txt,7014405adb8bee10a6961009a71ea3afa736fabaa5594b633e84b44ca1800b04,-33.3016,25.4844,2026-06-26T05:00:00Z,USER-0019,note,N
EVID-0400,ORG-0005,incident,INC-0010,note_evid-0400.txt,b4953572bcba759e81aec0454eddbb42098b0119f889a3068141c1207184f79f,-33.2893,25.4844,2026-07-11T09:00:00Z,USER-0010,note,N
