work_order_id,org_id,site_id,asset_id,incident_id,inspection_id,title,status,assigned_to,due_date
WO-0001,ORG-0001,SITE-0001,ASSET-0001,INC-0001,INSP-0001,Remediate culvert at Corridor access km 11.1,open,USER-0001,2026-09-16
WO-0002,ORG-0002,SITE-0002,ASSET-0002,INC-0002,,Remediate guard_rail at Corridor access km 12.2,assigned,USER-0002,2026-09-17
WO-0003,ORG-0003,SITE-0003,ASSET-0003,,INSP-0003,Remediate borehole at Corridor access km 13.3,in_progress,USER-0003,2026-09-18
WO-0004,ORG-0004,SITE-0004,ASSET-0004,INC-0004,,Remediate access_road at Corridor access km 14.4,closed,USER-0004,2026-09-19
WO-0005,ORG-0005,SITE-0005,ASSET-0005,INC-0005,INSP-0005,Remediate fence at Corridor access km 15.5,open,USER-0005,2026-09-20
WO-0006,ORG-0001,SITE-0006,ASSET-0006,,,Remediate transformer at Corridor access km 16.6,assigned,USER-0006,2026-09-21
WO-0007,ORG-0002,SITE-0007,ASSET-0007,INC-0007,INSP-0007,Remediate culvert at Corridor access km 17.7,in_progress,USER-0007,2026-09-22
WO-0008,ORG-0003,SITE-0008,ASSET-0008,INC-0008,,Remediate guard_rail at Corridor access km 18.8,closed,USER-0008,2026-09-23
WO-0009,ORG-0004,SITE-0009,ASSET-0009,,INSP-0009,Remediate borehole at Corridor access km 19.9,open,USER-0009,2026-09-24
WO-0010,ORG-0005,SITE-0010,ASSET-0010,INC-0010,,Remediate access_road at Corridor access km 20.0,assigned,USER-0010,2026-09-25
WO-0011,ORG-0001,SITE-0011,ASSET-0011,INC-0011,INSP-0011,Remediate fence at Corridor access km 21.1,in_progress,USER-0011,2026-09-26
WO-0012,ORG-0002,SITE-0012,ASSET-0012,,,Remediate transformer at Corridor access km 22.2,closed,USER-0012,2026-09-27
WO-0013,ORG-0003,SITE-0013,ASSET-0013,INC-0013,INSP-0013,Remediate culvert at Corridor access km 23.3,open,USER-0013,2026-09-28
WO-0014,ORG-0004,SITE-0014,ASSET-0014,INC-0014,,Remediate guard_rail at Corridor access km 24.4,assigned,USER-0014,2026-09-29
WO-0015,ORG-0005,SITE-0015,ASSET-0015,,INSP-0015,Remediate borehole at Corridor access km 25.5,in_progress,USER-0015,2026-09-30
WO-0016,ORG-0001,SITE-0016,ASSET-0016,INC-0016,,Remediate access_road at Corridor access km 26.6,closed,USER-0016,2026-10-01
WO-0017,ORG-0002,SITE-0017,ASSET-0017,INC-0017,INSP-0017,Remediate fence at Corridor access km 27.7,open,USER-0017,2026-10-02
WO-0018,ORG-0003,SITE-0018,ASSET-0018,,,Remediate transformer at Corridor access km 28.8,assigned,USER-0018,2026-10-03
WO-0019,ORG-0004,SITE-0019,ASSET-0019,INC-0019,INSP-0019,Remediate culvert at Corridor access km 29.9,in_progress,USER-0019,2026-10-04
WO-0020,ORG-0005,SITE-0020,ASSET-0020,INC-0020,,Remediate guard_rail at Corridor access km 30.0,closed,USER-0020,2026-10-05
WO-0021,ORG-0001,SITE-0001,ASSET-0021,,INSP-0021,Remediate borehole at Corridor access km 11.1,open,USER-0001,2026-10-06
WO-0022,ORG-0002,SITE-0002,ASSET-0022,INC-0022,,Remediate access_road at Corridor access km 12.2,assigned,USER-0002,2026-10-07
WO-0023,ORG-0003,SITE-0003,ASSET-0023,INC-0023,INSP-0023,Remediate fence at Corridor access km 13.3,in_progress,USER-0003,2026-10-08
WO-0024,ORG-0004,SITE-0004,ASSET-0024,,,Remediate transformer at Corridor access km 14.4,closed,USER-0004,2026-10-09
WO-0025,ORG-0005,SITE-0005,ASSET-0025,INC-0025,INSP-0025,Remediate culvert at Corridor access km 15.5,open,USER-0005,2026-10-10
WO-0026,ORG-0001,SITE-0006,ASSET-0026,INC-0026,,Remediate guard_rail at Corridor access km 16.6,assigned,USER-0006,2026-10-11
WO-0027,ORG-0002,SITE-0007,ASSET-0027,,INSP-0027,Remediate borehole at Corridor access km 17.7,in_progress,USER-0007,2026-10-12
WO-0028,ORG-0003,SITE-0008,ASSET-0028,INC-0028,,Remediate access_road at Corridor access km 18.8,closed,USER-0008,2026-10-13
WO-0029,ORG-0004,SITE-0009,ASSET-0029,INC-0029,INSP-0029,Remediate fence at Corridor access km 19.9,open,USER-0009,2026-10-14
WO-0030,ORG-0005,SITE-0010,ASSET-0030,,,Remediate transformer at Corridor access km 20.0,assigned,USER-0010,2026-10-15
WO-0031,ORG-0001,SITE-0011,ASSET-0031,INC-0001,INSP-0031,Remediate culvert at Corridor access km 21.1,in_progress,USER-0011,2026-10-16
WO-0032,ORG-0002,SITE-0012,ASSET-0032,INC-0002,,Remediate guard_rail at Corridor access km 22.2,closed,USER-0012,2026-10-17
WO-0033,ORG-0003,SITE-0013,ASSET-0033,,INSP-0033,Remediate borehole at Corridor access km 23.3,open,USER-0013,2026-10-18
WO-0034,ORG-0004,SITE-0014,ASSET-0034,INC-0004,,Remediate access_road at Corridor access km 24.4,assigned,USER-0014,2026-10-19
WO-0035,ORG-0005,SITE-0015,ASSET-0035,INC-0005,INSP-0035,Remediate fence at Corridor access km 25.5,in_progress,USER-0015,2026-10-20
WO-0036,ORG-0001,SITE-0016,ASSET-0036,,,Remediate transformer at Corridor access km 26.6,closed,USER-0016,2026-10-21
WO-0037,ORG-0002,SITE-0017,ASSET-0037,INC-0007,INSP-0037,Remediate culvert at Corridor access km 27.7,open,USER-0017,2026-10-22
WO-0038,ORG-0003,SITE-0018,ASSET-0038,INC-0008,,Remediate guard_rail at Corridor access km 28.8,assigned,USER-0018,2026-10-23
WO-0039,ORG-0004,SITE-0019,ASSET-0039,,INSP-0039,Remediate borehole at Corridor access km 29.9,in_progress,USER-0019,2026-10-24
WO-0040,ORG-0005,SITE-0020,ASSET-0040,INC-0010,,Remediate access_road at Corridor access km 30.0,closed,USER-0020,2026-10-25
WO-0041,ORG-0001,SITE-0001,ASSET-0041,INC-0011,INSP-0041,Remediate fence at Corridor access km 11.1,open,USER-0001,2026-10-26
WO-0042,ORG-0002,SITE-0002,ASSET-0042,,,Remediate transformer at Corridor access km 12.2,assigned,USER-0002,2026-10-27
WO-0043,ORG-0003,SITE-0003,ASSET-0043,INC-0013,INSP-0043,Remediate culvert at Corridor access km 13.3,in_progress,USER-0003,2026-10-28
WO-0044,ORG-0004,SITE-0004,ASSET-0044,INC-0014,,Remediate guard_rail at Corridor access km 14.4,closed,USER-0004,2026-10-29
WO-0045,ORG-0005,SITE-0005,ASSET-0045,,INSP-0045,Remediate borehole at Corridor access km 15.5,open,USER-0005,2026-10-30
WO-0046,ORG-0001,SITE-0006,ASSET-0046,INC-0016,,Remediate access_road at Corridor access km 16.6,assigned,USER-0006,2026-10-31
WO-0047,ORG-0002,SITE-0007,ASSET-0047,INC-0017,INSP-0047,Remediate fence at Corridor access km 17.7,in_progress,USER-0007,2026-11-01
WO-0048,ORG-0003,SITE-0008,ASSET-0048,,,Remediate transformer at Corridor access km 18.8,closed,USER-0008,2026-11-02
WO-0049,ORG-0004,SITE-0009,ASSET-0049,INC-0019,INSP-0049,Remediate culvert at Corridor access km 19.9,open,USER-0009,2026-11-03
WO-0050,ORG-0005,SITE-0010,ASSET-0050,INC-0020,,Remediate guard_rail at Corridor access km 20.0,assigned,USER-0010,2026-11-04
WO-0051,ORG-0001,SITE-0011,ASSET-0001,,INSP-0051,Remediate culvert at Corridor access km 21.1,in_progress,USER-0011,2026-11-05
WO-0052,ORG-0002,SITE-0012,ASSET-0002,INC-0022,,Remediate guard_rail at Corridor access km 22.2,closed,USER-0012,2026-11-06
WO-0053,ORG-0003,SITE-0013,ASSET-0003,INC-0023,INSP-0053,Remediate borehole at Corridor access km 23.3,open,USER-0013,2026-11-07
WO-0054,ORG-0004,SITE-0014,ASSET-0004,,,Remediate access_road at Corridor access km 24.4,assigned,USER-0014,2026-11-08
WO-0055,ORG-0005,SITE-0015,ASSET-0005,INC-0025,INSP-0055,Remediate fence at Corridor access km 25.5,in_progress,USER-0015,2026-11-09
WO-0056,ORG-0001,SITE-0016,ASSET-0006,INC-0026,,Remediate transformer at Corridor access km 26.6,closed,USER-0016,2026-11-10
WO-0057,ORG-0002,SITE-0017,ASSET-0007,,INSP-0057,Remediate culvert at Corridor access km 27.7,open,USER-0017,2026-11-11
WO-0058,ORG-0003,SITE-0018,ASSET-0008,INC-0028,,Remediate guard_rail at Corridor access km 28.8,assigned,USER-0018,2026-11-12
WO-0059,ORG-0004,SITE-0019,ASSET-0009,INC-0029,INSP-0059,Remediate borehole at Corridor access km 29.9,in_progress,USER-0019,2026-11-13
WO-0060,ORG-0005,SITE-0020,ASSET-0010,,,Remediate access_road at Corridor access km 30.0,closed,USER-0020,2026-11-14
WO-0061,ORG-0001,SITE-0001,ASSET-0011,INC-0001,INSP-0061,Remediate fence at Corridor access km 11.1,open,USER-0001,2026-11-15
WO-0062,ORG-0002,SITE-0002,ASSET-0012,INC-0002,,Remediate transformer at Corridor access km 12.2,assigned,USER-0002,2026-11-16
WO-0063,ORG-0003,SITE-0003,ASSET-0013,,INSP-0063,Remediate culvert at Corridor access km 13.3,in_progress,USER-0003,2026-11-17
WO-0064,ORG-0004,SITE-0004,ASSET-0014,INC-0004,,Remediate guard_rail at Corridor access km 14.4,closed,USER-0004,2026-11-18
WO-0065,ORG-0005,SITE-0005,ASSET-0015,INC-0005,INSP-0065,Remediate borehole at Corridor access km 15.5,open,USER-0005,2026-11-19
WO-0066,ORG-0001,SITE-0006,ASSET-0016,,,Remediate access_road at Corridor access km 16.6,assigned,USER-0006,2026-11-20
WO-0067,ORG-0002,SITE-0007,ASSET-0017,INC-0007,INSP-0067,Remediate fence at Corridor access km 17.7,in_progress,USER-0007,2026-11-21
WO-0068,ORG-0003,SITE-0008,ASSET-0018,INC-0008,,Remediate transformer at Corridor access km 18.8,closed,USER-0008,2026-11-22
WO-0069,ORG-0004,SITE-0009,ASSET-0019,,INSP-0069,Remediate culvert at Corridor access km 19.9,open,USER-0009,2026-11-23
WO-0070,ORG-0005,SITE-0010,ASSET-0020,INC-0010,,Remediate guard_rail at Corridor access km 20.0,assigned,USER-0010,2026-11-24
WO-0071,ORG-0001,SITE-0011,ASSET-0021,INC-0011,INSP-0071,Remediate borehole at Corridor access km 21.1,in_progress,USER-0011,2026-11-25
WO-0072,ORG-0002,SITE-0012,ASSET-0022,,,Remediate access_road at Corridor access km 22.2,closed,USER-0012,2026-11-26
WO-0073,ORG-0003,SITE-0013,ASSET-0023,INC-0013,INSP-0073,Remediate fence at Corridor access km 23.3,open,USER-0013,2026-11-27
WO-0074,ORG-0004,SITE-0014,ASSET-0024,INC-0014,,Remediate transformer at Corridor access km 24.4,assigned,USER-0014,2026-11-28
WO-0075,ORG-0005,SITE-0015,ASSET-0025,,INSP-0075,Remediate culvert at Corridor access km 25.5,in_progress,USER-0015,2026-11-29
WO-0076,ORG-0001,SITE-0016,ASSET-0026,INC-0016,,Remediate guard_rail at Corridor access km 26.6,closed,USER-0016,2026-11-30
WO-0077,ORG-0002,SITE-0017,ASSET-0027,INC-0017,INSP-0077,Remediate borehole at Corridor access km 27.7,open,USER-0017,2026-12-01
WO-0078,ORG-0003,SITE-0018,ASSET-0028,,,Remediate access_road at Corridor access km 28.8,assigned,USER-0018,2026-12-02
WO-0079,ORG-0004,SITE-0019,ASSET-0029,INC-0019,INSP-0079,Remediate fence at Corridor access km 29.9,in_progress,USER-0019,2026-12-03
WO-0080,ORG-0005,SITE-0020,ASSET-0030,INC-0020,,Remediate transformer at Corridor access km 30.0,closed,USER-0020,2026-12-04
