id,parent_type,parent_id,filename,file_type,gps_lat,gps_lon,timestamp,uploader_id,checksum,description
EVID-0001,inspection,INSP-1001,culvert_block_20260801.jpg,image,-33.000321,25.699737,2026-08-01T09:18:00Z,USER-INS-01,sha256:c89982d8497e6ca24bd2c329c3454d7493b24ad75096ae78fe9048f7d7c38f01,Upstream inlet
EVID-0002,inspection,INSP-1002,r72_bridge_west_deck.jpg,image,-33.869523,25.609882,2026-08-28T14:53:00Z,USER-INS-01,sha256:15f0f5d79835bfda5ec114f0ee4b81b81df4a09f2a90ffc9d8fbe494ee6bc8e7,Close-up of defect
EVID-0003,inspection,INSP-1003,washout_lane_closure.jpg,image,-33.420454,25.448311,2026-07-08T21:12:00Z,USER-CTR-01,sha256:50d3ba679d0b0fec9020b4735eeb47a80f777cdc083d4c9ef3497c24f2f912e7,Temporary works in place
EVID-0004,inspection,INSP-1004,swartkops_silt_cell.jpg,image,-33.803935,25.588928,2026-06-13T09:35:00Z,USER-CTR-01,sha256:c1b3b4862dd553ba7ec13cb4975599f34a139a1f778f406d64da6c6b4cfab878,Close-up of defect
EVID-0005,inspection,INSP-1005,n2_gqeberha_shoulder.jpg,image,-33.014716,27.905952,2026-07-12T18:47:00Z,USER-CTR-01,sha256:6f4cabc76b14b4faff170f4bedcba20b77c99a64a510404d6a73daeac7261c45,Safety barrier condition
EVID-0006,inspection,INSP-1006,sundays_river_joint.jpg,image,-33.025458,27.874875,2026-08-19T23:18:00Z,USER-INS-01,sha256:dc945807ef691ffb69b48773e545ebf82de4ea4839de894eaebdce53cf2cf11e,Close-up of defect
EVID-0007,inspection,INSP-1007,motherwell_inlet.jpg,image,-33.310623,26.53159,2026-07-13T17:25:00Z,USER-INS-01,sha256:01963f44da029069b6350f2f618dc44393f494b7b4b096c4a393a393dbeef930,Safety barrier condition
EVID-0008,inspection,INSP-1008,buffalo_overpass_bearing.jpg,image,-31.589958,28.785059,2026-06-14T04:07:00Z,USER-INS-01,sha256:0e47f892ed3f5bcbab19be3330a052177258fa48e6a762088c8da9af9712b8ad,Context photo of asset face
EVID-0009,inspection,INSP-1009,harbour_road_ponding.jpg,image,-31.521675,28.8687,2026-06-29T16:59:00Z,USER-CTR-01,sha256:a39ec5c2130bc2585c87b98fba83106ab76ed0013f523f2907c37fa51af056ab,Context photo of asset face
EVID-0010,inspection,INSP-1010,makhanda_guardrail.jpg,image,-32.999018,25.700981,2026-07-16T13:50:00Z,USER-INS-01,sha256:7d567320722b82b940e2b3262e38ea1b9d44f3977488d9ff479564d791726f77,Temporary works in place
EVID-0011,inspection,INSP-1011,mthatha_ring_debris.jpg,image,-34.049721,24.920799,2026-07-03T16:53:00Z,USER-INS-01,sha256:bfc8ca8b80c9b3953f593ba5c5a296f10e3e8e55f0b423310fc1ffe23ad54a61,Downstream outlet
EVID-0012,inspection,INSP-1012,qumbu_mitre_drain.jpg,image,-33.544412,25.690928,2026-06-09T21:07:00Z,USER-INS-01,sha256:e57d1d731ae222a6a0186c56b2ef3aa773b1b088c021a5c1ab885b3579359450,Upstream inlet
EVID-0013,inspection,INSP-1013,humansdorp_crossing.jpg,image,-32.958125,27.760586,2026-06-12T21:24:00Z,USER-INS-01,sha256:2f38302af265acae8c77fef8ac5d260862cba0a68e0c64341adb526c55a71f1e,Temporary works in place
EVID-0014,inspection,INSP-1014,jeffreys_sand_inlet.jpg,image,-33.000406,25.699985,2026-08-11T20:51:00Z,USER-INS-01,sha256:6393b3a252fa5c730ec24addc45f4416df010dc082f986800f847c2cb57b90db,Context photo of asset face
EVID-0015,inspection,INSP-1015,addo_livestock_grid.jpg,image,-31.628433,28.972,2026-07-22T12:08:00Z,USER-INS-01,sha256:6c13e0df733ae2fccd30c2e35e75acc0305773aa46131a6ea98bb578deaa3596,Downstream outlet
EVID-0016,inspection,INSP-1016,mdantsane_open_channel.jpg,image,-33.440709,25.971171,2026-07-07T16:49:00Z,USER-CTR-01,sha256:ad0d88ff082fcdbb7065b8800327af231545d62de4cc90a4d44687c9a540d459,Context photo of asset face
EVID-0017,inspection,INSP-1017,psj_terrace_wall.jpg,image,-34.169515,24.831933,2026-06-02T15:33:00Z,USER-INS-01,sha256:e84e090832fc0e8864f6a0bf7604d24184147f6681c1cefd50658b248573a3af,Temporary works in place
EVID-0018,inspection,INSP-1018,paterson_n10_marker.jpg,image,-32.879167,27.391524,2026-07-17T18:53:00Z,USER-CTR-01,sha256:ffa1700aa7bf26c301b8350ca7c35c253a81a3ddc99728a2d6450cca4abb2b7f,Downstream outlet
EVID-0019,inspection,INSP-1019,stfrancis_causeway_scour.jpg,image,-32.32966,28.15131,2026-08-26T13:58:00Z,USER-CTR-01,sha256:8b5ba87705060e0952711b583311ff86bd933094c98eb955b1e3ca8cdc3f0f44,Close-up of defect
EVID-0020,inspection,INSP-1020,qonce_signal_mast.jpg,image,-33.693976,25.82118,2026-06-23T14:46:00Z,USER-INS-01,sha256:fc4d6d02d3886bdee2224e19759ea91a2fd2033f7ebc603c4bfafc8570c3c635,Downstream outlet
EVID-0021,inspection,INSP-1021,butterworth_screen.jpg,image,-33.960525,25.601681,2026-06-14T03:33:00Z,USER-INS-01,sha256:6dc98d2fc799e07e26c26e62aaa9cb701dd024ab879cff869158019f557984d3,Safety barrier condition
EVID-0022,inspection,INSP-1022,colchester_floodplain.jpg,image,-33.871287,25.611646,2026-07-23T21:41:00Z,USER-CTR-01,sha256:7f018c26f2691810cf7996d66cac47fd620495759a97de7a7506034b1d8bea97,Temporary works in place
EVID-0023,inspection,INSP-1023,temp_repair_bags.jpg,image,-33.420571,25.44701,2026-08-09T15:36:00Z,USER-CTR-01,sha256:bf587275237288d3131991946883cb5d98a5515e1141830dd280104ebcde1388,Upstream inlet
EVID-0024,inspection,INSP-1024,inspector_checklist_board.jpg,image,-33.805361,25.590131,2026-08-10T13:21:00Z,USER-INS-01,sha256:d4c2d037c2f47b78cb81db276168c23126feba65418d4260fce87f48d8b28c07,Upstream inlet
EVID-0025,inspection,INSP-1025,night_works_lighting.jpg,image,-33.015504,27.90638,2026-07-05T08:59:00Z,USER-CTR-01,sha256:721dd63beb614ce62a14876e4912c3c333d68f9836caf6bafaaa75c898d1636e,Close-up of defect
EVID-0026,inspection,INSP-1026,parapet_spall.jpg,image,-33.02391,27.876383,2026-07-18T20:21:00Z,USER-CTR-01,sha256:ade6fcb5b7fcf0d1ad323909feebfe8382118c9ca294bd853d4c5e3448322e19,Downstream outlet
EVID-0027,inspection,INSP-1027,catchpit_grate.jpg,image,-33.311018,26.532139,2026-06-06T00:09:00Z,USER-CTR-01,sha256:fee45f0a72c5b48d2fe481cdd71b0ed3462aba99ecd31f0a7bd6fc1b8a6a7395,Context photo of asset face
EVID-0028,inspection,INSP-1028,gantry_bolt_corrosion.jpg,image,-31.589029,28.783601,2026-07-24T19:57:00Z,USER-CTR-01,sha256:a6c40810034fdb2c819ea918d7c5f7576513e28e673d8bbed12bfcc887ea78e0,Temporary works in place
EVID-0029,inspection,INSP-1029,channel_vegetation.jpg,image,-31.519831,28.867297,2026-06-01T13:28:00Z,USER-INS-01,sha256:f9fa9b8347bcc1f3776df55ae8e18fb26259c6cc8f9a52219ff7e7c43a9b1034,Temporary works in place
EVID-0030,inspection,INSP-1030,evidence_wide_context.jpg,image,-34.028867,24.770679,2026-07-22T13:38:00Z,USER-INS-01,sha256:1a7e0410286120f420f132698aa741b71985f529d0cec2e50c0950ff76d81125,Upstream inlet
EVID-0031,inspection,INSP-1031,culvert_block_20260801.jpg,image,-34.050227,24.921889,2026-08-12T01:46:00Z,USER-INS-01,sha256:c89982d8497e6ca24bd2c329c3454d7493b24ad75096ae78fe9048f7d7c38f01,Close-up of defect
EVID-0032,inspection,INSP-1032,r72_bridge_west_deck.jpg,image,-33.545256,25.689418,2026-07-23T03:38:00Z,USER-CTR-01,sha256:15f0f5d79835bfda5ec114f0ee4b81b81df4a09f2a90ffc9d8fbe494ee6bc8e7,Safety barrier condition
EVID-0033,inspection,INSP-1033,washout_lane_closure.jpg,image,-32.957668,27.759222,2026-07-07T19:08:00Z,USER-CTR-01,sha256:50d3ba679d0b0fec9020b4735eeb47a80f777cdc083d4c9ef3497c24f2f912e7,Downstream outlet
EVID-0034,inspection,INSP-1034,swartkops_silt_cell.jpg,image,-32.999439,25.701272,2026-06-17T05:29:00Z,USER-CTR-01,sha256:c1b3b4862dd553ba7ec13cb4975599f34a139a1f778f406d64da6c6b4cfab878,Temporary works in place
EVID-0035,inspection,INSP-1035,n2_gqeberha_shoulder.jpg,image,-31.629083,28.97037,2026-06-13T17:58:00Z,USER-CTR-01,sha256:6f4cabc76b14b4faff170f4bedcba20b77c99a64a510404d6a73daeac7261c45,Context photo of asset face
EVID-0036,inspection,INSP-1036,sundays_river_joint.jpg,image,-33.440046,25.970246,2026-07-12T22:26:00Z,USER-CTR-01,sha256:dc945807ef691ffb69b48773e545ebf82de4ea4839de894eaebdce53cf2cf11e,Downstream outlet
EVID-0037,inspection,INSP-1037,motherwell_inlet.jpg,image,-34.169486,24.830229,2026-06-09T20:40:00Z,USER-CTR-01,sha256:01963f44da029069b6350f2f618dc44393f494b7b4b096c4a393a393dbeef930,Close-up of defect
EVID-0038,inspection,INSP-1038,buffalo_overpass_bearing.jpg,image,-32.87996,27.391625,2026-08-15T19:48:00Z,USER-INS-01,sha256:0e47f892ed3f5bcbab19be3330a052177258fa48e6a762088c8da9af9712b8ad,Safety barrier condition
EVID-0039,inspection,INSP-1039,harbour_road_ponding.jpg,image,-32.330348,28.150865,2026-07-18T14:51:00Z,USER-CTR-01,sha256:a39ec5c2130bc2585c87b98fba83106ab76ed0013f523f2907c37fa51af056ab,Upstream inlet
EVID-0040,inspection,INSP-1040,makhanda_guardrail.jpg,image,-33.695457,25.819711,2026-07-28T14:54:00Z,USER-INS-01,sha256:7d567320722b82b940e2b3262e38ea1b9d44f3977488d9ff479564d791726f77,Close-up of defect
EVID-0041,inspection,INSP-1041,mthatha_ring_debris.jpg,image,-33.959092,25.602479,2026-06-12T07:00:00Z,USER-CTR-01,sha256:bfc8ca8b80c9b3953f593ba5c5a296f10e3e8e55f0b423310fc1ffe23ad54a61,Close-up of defect
EVID-0042,inspection,INSP-1042,qumbu_mitre_drain.jpg,image,-33.871392,25.609841,2026-08-06T18:25:00Z,USER-CTR-01,sha256:e57d1d731ae222a6a0186c56b2ef3aa773b1b088c021a5c1ab885b3579359450,Context photo of asset face
EVID-0043,inspection,INSP-1043,humansdorp_crossing.jpg,image,-33.420985,25.447822,2026-08-11T19:29:00Z,USER-CTR-01,sha256:2f38302af265acae8c77fef8ac5d260862cba0a68e0c64341adb526c55a71f1e,Downstream outlet
EVID-0044,inspection,INSP-1044,jeffreys_sand_inlet.jpg,image,-33.803501,25.588495,2026-06-29T12:06:00Z,USER-INS-01,sha256:6393b3a252fa5c730ec24addc45f4416df010dc082f986800f847c2cb57b90db,Context photo of asset face
EVID-0045,inspection,INSP-1045,addo_livestock_grid.jpg,image,-33.016004,27.905442,2026-06-15T15:09:00Z,USER-CTR-01,sha256:6c13e0df733ae2fccd30c2e35e75acc0305773aa46131a6ea98bb578deaa3596,Safety barrier condition
EVID-0046,inspection,INSP-1046,mdantsane_open_channel.jpg,image,-33.025616,27.876459,2026-07-27T01:31:00Z,USER-INS-01,sha256:ad0d88ff082fcdbb7065b8800327af231545d62de4cc90a4d44687c9a540d459,Temporary works in place
EVID-0047,inspection,INSP-1047,psj_terrace_wall.jpg,image,-33.309298,26.530393,2026-07-31T00:35:00Z,USER-INS-01,sha256:e84e090832fc0e8864f6a0bf7604d24184147f6681c1cefd50658b248573a3af,Safety barrier condition
EVID-0048,inspection,INSP-1048,paterson_n10_marker.jpg,image,-31.590147,28.78394,2026-06-27T07:36:00Z,USER-CTR-01,sha256:ffa1700aa7bf26c301b8350ca7c35c253a81a3ddc99728a2d6450cca4abb2b7f,Context photo of asset face
EVID-0049,inspection,INSP-1049,stfrancis_causeway_scour.jpg,image,-31.520119,28.868805,2026-08-03T05:23:00Z,USER-INS-01,sha256:8b5ba87705060e0952711b583311ff86bd933094c98eb955b1e3ca8cdc3f0f44,Upstream inlet
EVID-0050,inspection,INSP-1050,qonce_signal_mast.jpg,image,-34.028674,24.769579,2026-06-05T16:51:00Z,USER-INS-01,sha256:fc4d6d02d3886bdee2224e19759ea91a2fd2033f7ebc603c4bfafc8570c3c635,Safety barrier condition
EVID-0051,inspection,INSP-1051,butterworth_screen.jpg,image,-33.96113,25.603133,2026-06-18T16:31:00Z,USER-CTR-01,sha256:6dc98d2fc799e07e26c26e62aaa9cb701dd024ab879cff869158019f557984d3,Downstream outlet
EVID-0052,inspection,INSP-1052,colchester_floodplain.jpg,image,-33.869359,25.609917,2026-06-13T01:49:00Z,USER-CTR-01,sha256:7f018c26f2691810cf7996d66cac47fd620495759a97de7a7506034b1d8bea97,Upstream inlet
EVID-0053,inspection,INSP-1053,temp_repair_bags.jpg,image,-33.421523,25.448539,2026-06-27T10:10:00Z,USER-CTR-01,sha256:bf587275237288d3131991946883cb5d98a5515e1141830dd280104ebcde1388,Upstream inlet
EVID-0054,inspection,INSP-1054,inspector_checklist_board.jpg,image,-33.803109,25.589749,2026-08-19T15:46:00Z,USER-CTR-01,sha256:d4c2d037c2f47b78cb81db276168c23126feba65418d4260fce87f48d8b28c07,Safety barrier condition
EVID-0055,inspection,INSP-1055,night_works_lighting.jpg,image,-33.016438,27.904629,2026-07-12T21:47:00Z,USER-CTR-01,sha256:721dd63beb614ce62a14876e4912c3c333d68f9836caf6bafaaa75c898d1636e,Context photo of asset face
EVID-0056,inspection,INSP-1056,parapet_spall.jpg,image,-33.024023,27.875155,2026-07-02T07:55:00Z,USER-CTR-01,sha256:ade6fcb5b7fcf0d1ad323909feebfe8382118c9ca294bd853d4c5e3448322e19,Temporary works in place
EVID-0057,inspection,INSP-1057,catchpit_grate.jpg,image,-33.30969,26.531741,2026-06-03T00:29:00Z,USER-CTR-01,sha256:fee45f0a72c5b48d2fe481cdd71b0ed3462aba99ecd31f0a7bd6fc1b8a6a7395,Temporary works in place
EVID-0058,inspection,INSP-1058,gantry_bolt_corrosion.jpg,image,-31.589635,28.784537,2026-08-24T02:03:00Z,USER-CTR-01,sha256:a6c40810034fdb2c819ea918d7c5f7576513e28e673d8bbed12bfcc887ea78e0,Safety barrier condition
EVID-0059,inspection,INSP-1059,channel_vegetation.jpg,image,-31.521634,28.867101,2026-08-03T06:48:00Z,USER-CTR-01,sha256:f9fa9b8347bcc1f3776df55ae8e18fb26259c6cc8f9a52219ff7e7c43a9b1034,Safety barrier condition
EVID-0060,inspection,INSP-1060,evidence_wide_context.jpg,image,-32.99919,25.701238,2026-07-17T12:35:00Z,USER-INS-01,sha256:1a7e0410286120f420f132698aa741b71985f529d0cec2e50c0950ff76d81125,Safety barrier condition
EVID-0061,inspection,INSP-1061,culvert_block_20260801.jpg,image,-34.051016,24.921607,2026-07-03T23:40:00Z,USER-INS-01,sha256:c89982d8497e6ca24bd2c329c3454d7493b24ad75096ae78fe9048f7d7c38f01,Temporary works in place
EVID-0062,inspection,INSP-1062,r72_bridge_west_deck.jpg,image,-33.544765,25.689259,2026-07-04T10:53:00Z,USER-CTR-01,sha256:15f0f5d79835bfda5ec114f0ee4b81b81df4a09f2a90ffc9d8fbe494ee6bc8e7,Upstream inlet
EVID-0063,inspection,INSP-1063,washout_lane_closure.jpg,image,-32.957548,27.761232,2026-06-09T01:02:00Z,USER-INS-01,sha256:50d3ba679d0b0fec9020b4735eeb47a80f777cdc083d4c9ef3497c24f2f912e7,Close-up of defect
EVID-0064,inspection,INSP-1064,swartkops_silt_cell.jpg,image,-33.001193,25.699943,2026-07-19T20:00:00Z,USER-CTR-01,sha256:c1b3b4862dd553ba7ec13cb4975599f34a139a1f778f406d64da6c6b4cfab878,Safety barrier condition
EVID-0065,inspection,INSP-1065,n2_gqeberha_shoulder.jpg,image,-31.627939,28.970942,2026-06-20T18:24:00Z,USER-INS-01,sha256:6f4cabc76b14b4faff170f4bedcba20b77c99a64a510404d6a73daeac7261c45,Temporary works in place
EVID-0066,inspection,INSP-1066,sundays_river_joint.jpg,image,-33.440022,25.970287,2026-07-23T03:23:00Z,USER-INS-01,sha256:dc945807ef691ffb69b48773e545ebf82de4ea4839de894eaebdce53cf2cf11e,Close-up of defect
EVID-0067,inspection,INSP-1067,motherwell_inlet.jpg,image,-34.169916,24.830293,2026-08-29T11:57:00Z,USER-INS-01,sha256:01963f44da029069b6350f2f618dc44393f494b7b4b096c4a393a393dbeef930,Safety barrier condition
EVID-0068,inspection,INSP-1068,buffalo_overpass_bearing.jpg,image,-32.880259,27.391974,2026-06-18T05:24:00Z,USER-INS-01,sha256:0e47f892ed3f5bcbab19be3330a052177258fa48e6a762088c8da9af9712b8ad,Close-up of defect
EVID-0069,inspection,INSP-1069,harbour_road_ponding.jpg,image,-32.330808,28.151199,2026-06-28T00:09:00Z,USER-CTR-01,sha256:a39ec5c2130bc2585c87b98fba83106ab76ed0013f523f2907c37fa51af056ab,Temporary works in place
EVID-0070,inspection,INSP-1070,makhanda_guardrail.jpg,image,-33.694173,25.821051,2026-07-19T13:46:00Z,USER-INS-01,sha256:7d567320722b82b940e2b3262e38ea1b9d44f3977488d9ff479564d791726f77,Downstream outlet
EVID-0071,inspection,INSP-1071,mthatha_ring_debris.jpg,image,-33.959363,25.601653,2026-08-12T20:03:00Z,USER-INS-01,sha256:bfc8ca8b80c9b3953f593ba5c5a296f10e3e8e55f0b423310fc1ffe23ad54a61,Downstream outlet
EVID-0072,inspection,INSP-1072,qumbu_mitre_drain.jpg,image,-33.86989,25.610984,2026-07-23T18:33:00Z,USER-CTR-01,sha256:e57d1d731ae222a6a0186c56b2ef3aa773b1b088c021a5c1ab885b3579359450,Upstream inlet
EVID-0073,inspection,INSP-1073,humansdorp_crossing.jpg,image,-33.421308,25.447764,2026-08-25T17:01:00Z,USER-CTR-01,sha256:2f38302af265acae8c77fef8ac5d260862cba0a68e0c64341adb526c55a71f1e,Safety barrier condition
EVID-0074,inspection,INSP-1074,jeffreys_sand_inlet.jpg,image,-33.804999,25.588278,2026-06-05T16:25:00Z,USER-INS-01,sha256:6393b3a252fa5c730ec24addc45f4416df010dc082f986800f847c2cb57b90db,Context photo of asset face
EVID-0075,inspection,INSP-1075,addo_livestock_grid.jpg,image,-33.014454,27.905618,2026-07-01T04:49:00Z,USER-CTR-01,sha256:6c13e0df733ae2fccd30c2e35e75acc0305773aa46131a6ea98bb578deaa3596,Close-up of defect
EVID-0076,inspection,INSP-1076,mdantsane_open_channel.jpg,image,-33.024522,27.874206,2026-06-16T20:46:00Z,USER-CTR-01,sha256:ad0d88ff082fcdbb7065b8800327af231545d62de4cc90a4d44687c9a540d459,Close-up of defect
EVID-0077,inspection,INSP-1077,psj_terrace_wall.jpg,image,-33.31129,26.530774,2026-08-10T13:50:00Z,USER-CTR-01,sha256:e84e090832fc0e8864f6a0bf7604d24184147f6681c1cefd50658b248573a3af,Close-up of defect
EVID-0078,inspection,INSP-1078,paterson_n10_marker.jpg,image,-31.588365,28.785058,2026-07-26T11:18:00Z,USER-INS-01,sha256:ffa1700aa7bf26c301b8350ca7c35c253a81a3ddc99728a2d6450cca4abb2b7f,Temporary works in place
EVID-0079,inspection,INSP-1079,stfrancis_causeway_scour.jpg,image,-31.520222,28.867906,2026-07-03T07:41:00Z,USER-INS-01,sha256:8b5ba87705060e0952711b583311ff86bd933094c98eb955b1e3ca8cdc3f0f44,Close-up of defect
EVID-0080,inspection,INSP-1080,qonce_signal_mast.jpg,image,-34.028601,24.770729,2026-07-20T10:54:00Z,USER-INS-01,sha256:fc4d6d02d3886bdee2224e19759ea91a2fd2033f7ebc603c4bfafc8570c3c635,Context photo of asset face
EVID-0081,inspection,INSP-1081,butterworth_screen.jpg,image,-34.050428,24.920487,2026-07-24T07:22:00Z,USER-INS-01,sha256:6dc98d2fc799e07e26c26e62aaa9cb701dd024ab879cff869158019f557984d3,Context photo of asset face
EVID-0082,inspection,INSP-1082,colchester_floodplain.jpg,image,-33.54597,25.69103,2026-08-25T08:32:00Z,USER-INS-01,sha256:7f018c26f2691810cf7996d66cac47fd620495759a97de7a7506034b1d8bea97,Upstream inlet
EVID-0083,inspection,INSP-1083,temp_repair_bags.jpg,image,-32.959135,27.760316,2026-08-05T18:25:00Z,USER-CTR-01,sha256:bf587275237288d3131991946883cb5d98a5515e1141830dd280104ebcde1388,Downstream outlet
EVID-0084,inspection,INSP-1084,inspector_checklist_board.jpg,image,-33.000614,25.700227,2026-07-29T07:31:00Z,USER-CTR-01,sha256:d4c2d037c2f47b78cb81db276168c23126feba65418d4260fce87f48d8b28c07,Downstream outlet
EVID-0085,inspection,INSP-1085,night_works_lighting.jpg,image,-31.628918,28.971553,2026-06-26T15:55:00Z,USER-CTR-01,sha256:721dd63beb614ce62a14876e4912c3c333d68f9836caf6bafaaa75c898d1636e,Temporary works in place
EVID-0086,inspection,INSP-1086,parapet_spall.jpg,image,-33.440305,25.971113,2026-07-03T11:34:00Z,USER-CTR-01,sha256:ade6fcb5b7fcf0d1ad323909feebfe8382118c9ca294bd853d4c5e3448322e19,Upstream inlet
EVID-0087,inspection,INSP-1087,catchpit_grate.jpg,image,-34.169205,24.831762,2026-08-06T04:39:00Z,USER-CTR-01,sha256:fee45f0a72c5b48d2fe481cdd71b0ed3462aba99ecd31f0a7bd6fc1b8a6a7395,Safety barrier condition
EVID-0088,inspection,INSP-1088,gantry_bolt_corrosion.jpg,image,-32.879675,27.390588,2026-06-18T07:46:00Z,USER-CTR-01,sha256:a6c40810034fdb2c819ea918d7c5f7576513e28e673d8bbed12bfcc887ea78e0,Upstream inlet
EVID-0089,inspection,INSP-1089,channel_vegetation.jpg,image,-32.331643,28.1507,2026-07-29T02:06:00Z,USER-CTR-01,sha256:f9fa9b8347bcc1f3776df55ae8e18fb26259c6cc8f9a52219ff7e7c43a9b1034,Temporary works in place
EVID-0090,inspection,INSP-1090,evidence_wide_context.jpg,image,-33.694195,25.821482,2026-06-07T10:01:00Z,USER-INS-01,sha256:1a7e0410286120f420f132698aa741b71985f529d0cec2e50c0950ff76d81125,Temporary works in place
EVID-0091,inspection,INSP-1091,culvert_block_20260801.jpg,image,-33.960397,25.602771,2026-06-18T10:55:00Z,USER-CTR-01,sha256:c89982d8497e6ca24bd2c329c3454d7493b24ad75096ae78fe9048f7d7c38f01,Context photo of asset face
EVID-0092,inspection,INSP-1092,r72_bridge_west_deck.jpg,image,-33.871108,25.611959,2026-08-01T11:44:00Z,USER-INS-01,sha256:15f0f5d79835bfda5ec114f0ee4b81b81df4a09f2a90ffc9d8fbe494ee6bc8e7,Upstream inlet
EVID-0093,inspection,INSP-1093,washout_lane_closure.jpg,image,-33.420093,25.449234,2026-06-30T07:20:00Z,USER-INS-01,sha256:50d3ba679d0b0fec9020b4735eeb47a80f777cdc083d4c9ef3497c24f2f912e7,Temporary works in place
EVID-0094,inspection,INSP-1094,swartkops_silt_cell.jpg,image,-33.804728,25.588005,2026-07-10T22:53:00Z,USER-CTR-01,sha256:c1b3b4862dd553ba7ec13cb4975599f34a139a1f778f406d64da6c6b4cfab878,Safety barrier condition
EVID-0095,inspection,INSP-1095,n2_gqeberha_shoulder.jpg,image,-33.015609,27.906149,2026-07-20T09:30:00Z,USER-CTR-01,sha256:6f4cabc76b14b4faff170f4bedcba20b77c99a64a510404d6a73daeac7261c45,Temporary works in place
EVID-0096,inspection,INSP-1096,sundays_river_joint.jpg,image,-33.026096,27.874429,2026-08-18T06:35:00Z,USER-CTR-01,sha256:dc945807ef691ffb69b48773e545ebf82de4ea4839de894eaebdce53cf2cf11e,Temporary works in place
EVID-0097,inspection,INSP-1097,motherwell_inlet.jpg,image,-33.309432,26.53008,2026-07-21T16:19:00Z,USER-INS-01,sha256:01963f44da029069b6350f2f618dc44393f494b7b4b096c4a393a393dbeef930,Context photo of asset face
EVID-0098,inspection,INSP-1098,buffalo_overpass_bearing.jpg,image,-31.589556,28.785314,2026-08-25T01:38:00Z,USER-CTR-01,sha256:0e47f892ed3f5bcbab19be3330a052177258fa48e6a762088c8da9af9712b8ad,Downstream outlet
EVID-0099,inspection,INSP-1001,culvert_block_20260801.jpg,image,-33.0002,25.7001,2026-08-01T09:17:00Z,USER-INS-01,sha256:c89982d8497e6ca24bd2c329c3454d7493b24ad75096ae78fe9048f7d7c38f01,Photo showing partial blockage
EVID-0100,inspection,INSP-1100,makhanda_guardrail.jpg,image,-34.028974,24.769756,2026-06-16T16:43:00Z,USER-CTR-01,sha256:7d567320722b82b940e2b3262e38ea1b9d44f3977488d9ff479564d791726f77,Temporary works in place
EVID-0101,inspection,INSP-1101,mthatha_ring_debris.jpg,image,-33.959303,25.601783,2026-08-25T22:45:00Z,USER-CTR-01,sha256:bfc8ca8b80c9b3953f593ba5c5a296f10e3e8e55f0b423310fc1ffe23ad54a61,Downstream outlet
EVID-0102,inspection,INSP-1102,qumbu_mitre_drain.jpg,image,-33.871039,25.611865,2026-06-14T03:20:00Z,USER-CTR-01,sha256:e57d1d731ae222a6a0186c56b2ef3aa773b1b088c021a5c1ab885b3579359450,Safety barrier condition
EVID-0103,inspection,INSP-1103,humansdorp_crossing.jpg,image,-33.422138,25.447154,2026-06-16T17:00:00Z,USER-CTR-01,sha256:2f38302af265acae8c77fef8ac5d260862cba0a68e0c64341adb526c55a71f1e,Upstream inlet
EVID-0104,inspection,INSP-1104,jeffreys_sand_inlet.jpg,image,-33.804646,25.58819,2026-08-05T07:42:00Z,USER-CTR-01,sha256:6393b3a252fa5c730ec24addc45f4416df010dc082f986800f847c2cb57b90db,Close-up of defect
EVID-0105,inspection,INSP-1105,addo_livestock_grid.jpg,image,-33.015515,27.905112,2026-07-09T01:04:00Z,USER-INS-01,sha256:6c13e0df733ae2fccd30c2e35e75acc0305773aa46131a6ea98bb578deaa3596,Context photo of asset face
EVID-0106,inspection,INSP-1106,mdantsane_open_channel.jpg,image,-33.025922,27.875847,2026-06-07T15:53:00Z,USER-CTR-01,sha256:ad0d88ff082fcdbb7065b8800327af231545d62de4cc90a4d44687c9a540d459,Temporary works in place
EVID-0107,inspection,INSP-1107,psj_terrace_wall.jpg,image,-33.309952,26.530416,2026-08-11T19:26:00Z,USER-CTR-01,sha256:e84e090832fc0e8864f6a0bf7604d24184147f6681c1cefd50658b248573a3af,Close-up of defect
EVID-0108,inspection,INSP-1108,paterson_n10_marker.jpg,image,-31.590381,28.783596,2026-06-06T21:42:00Z,USER-CTR-01,sha256:ffa1700aa7bf26c301b8350ca7c35c253a81a3ddc99728a2d6450cca4abb2b7f,Upstream inlet
EVID-0109,inspection,INSP-1109,stfrancis_causeway_scour.jpg,image,-31.520768,28.868525,2026-08-01T12:09:00Z,USER-INS-01,sha256:8b5ba87705060e0952711b583311ff86bd933094c98eb955b1e3ca8cdc3f0f44,Close-up of defect
EVID-0110,inspection,INSP-1110,qonce_signal_mast.jpg,image,-33.001325,25.699871,2026-06-09T22:45:00Z,USER-INS-01,sha256:fc4d6d02d3886bdee2224e19759ea91a2fd2033f7ebc603c4bfafc8570c3c635,Safety barrier condition
EVID-0111,inspection,INSP-1111,butterworth_screen.jpg,image,-34.050005,24.9208,2026-07-11T01:45:00Z,USER-CTR-01,sha256:6dc98d2fc799e07e26c26e62aaa9cb701dd024ab879cff869158019f557984d3,Context photo of asset face
EVID-0112,inspection,INSP-1112,colchester_floodplain.jpg,image,-33.544471,25.689436,2026-07-01T01:01:00Z,USER-INS-01,sha256:7f018c26f2691810cf7996d66cac47fd620495759a97de7a7506034b1d8bea97,Context photo of asset face
EVID-0113,inspection,INSP-1113,temp_repair_bags.jpg,image,-32.957307,27.761558,2026-07-01T00:35:00Z,USER-CTR-01,sha256:bf587275237288d3131991946883cb5d98a5515e1141830dd280104ebcde1388,Close-up of defect
EVID-0114,inspection,INSP-1114,inspector_checklist_board.jpg,image,-32.999423,25.699793,2026-08-16T19:51:00Z,USER-INS-01,sha256:d4c2d037c2f47b78cb81db276168c23126feba65418d4260fce87f48d8b28c07,Temporary works in place
EVID-0115,inspection,INSP-1115,night_works_lighting.jpg,image,-31.629198,28.971607,2026-08-29T06:33:00Z,USER-INS-01,sha256:721dd63beb614ce62a14876e4912c3c333d68f9836caf6bafaaa75c898d1636e,Context photo of asset face
EVID-0116,inspection,INSP-1116,parapet_spall.jpg,image,-33.439407,25.970475,2026-08-24T00:06:00Z,USER-CTR-01,sha256:ade6fcb5b7fcf0d1ad323909feebfe8382118c9ca294bd853d4c5e3448322e19,Upstream inlet
EVID-0117,inspection,INSP-1117,catchpit_grate.jpg,image,-34.169658,24.830121,2026-08-05T07:41:00Z,USER-INS-01,sha256:fee45f0a72c5b48d2fe481cdd71b0ed3462aba99ecd31f0a7bd6fc1b8a6a7395,Context photo of asset face
EVID-0118,inspection,INSP-1118,gantry_bolt_corrosion.jpg,image,-32.881398,27.391106,2026-08-13T16:51:00Z,USER-CTR-01,sha256:a6c40810034fdb2c819ea918d7c5f7576513e28e673d8bbed12bfcc887ea78e0,Safety barrier condition
EVID-0119,inspection,INSP-1119,channel_vegetation.jpg,image,-32.33066,28.151139,2026-08-13T03:46:00Z,USER-INS-01,sha256:f9fa9b8347bcc1f3776df55ae8e18fb26259c6cc8f9a52219ff7e7c43a9b1034,Context photo of asset face
EVID-0120,inspection,INSP-1120,evidence_wide_context.jpg,image,-33.695381,25.820224,2026-06-17T04:57:00Z,USER-CTR-01,sha256:1a7e0410286120f420f132698aa741b71985f529d0cec2e50c0950ff76d81125,Close-up of defect
EVID-0121,inspection,INSP-1121,culvert_block_20260801.jpg,image,-33.95912,25.60166,2026-06-22T04:00:00Z,USER-CTR-01,sha256:c89982d8497e6ca24bd2c329c3454d7493b24ad75096ae78fe9048f7d7c38f01,Close-up of defect
EVID-0122,inspection,INSP-1122,r72_bridge_west_deck.jpg,image,-33.871517,25.611086,2026-06-18T23:23:00Z,USER-CTR-01,sha256:15f0f5d79835bfda5ec114f0ee4b81b81df4a09f2a90ffc9d8fbe494ee6bc8e7,Temporary works in place
EVID-0123,inspection,INSP-1123,washout_lane_closure.jpg,image,-33.421692,25.447889,2026-06-20T21:48:00Z,USER-INS-01,sha256:50d3ba679d0b0fec9020b4735eeb47a80f777cdc083d4c9ef3497c24f2f912e7,Upstream inlet
EVID-0124,inspection,INSP-1124,swartkops_silt_cell.jpg,image,-33.805254,25.588571,2026-07-16T22:05:00Z,USER-INS-01,sha256:c1b3b4862dd553ba7ec13cb4975599f34a139a1f778f406d64da6c6b4cfab878,Upstream inlet
EVID-0125,inspection,INSP-1125,n2_gqeberha_shoulder.jpg,image,-33.016121,27.906123,2026-08-08T16:17:00Z,USER-CTR-01,sha256:6f4cabc76b14b4faff170f4bedcba20b77c99a64a510404d6a73daeac7261c45,Close-up of defect
EVID-0126,inspection,INSP-1126,sundays_river_joint.jpg,image,-33.024786,27.876125,2026-08-11T22:46:00Z,USER-INS-01,sha256:dc945807ef691ffb69b48773e545ebf82de4ea4839de894eaebdce53cf2cf11e,Upstream inlet
EVID-0127,inspection,INSP-1127,motherwell_inlet.jpg,image,-33.309523,26.530762,2026-06-10T06:33:00Z,USER-CTR-01,sha256:01963f44da029069b6350f2f618dc44393f494b7b4b096c4a393a393dbeef930,Upstream inlet
EVID-0128,inspection,INSP-1128,buffalo_overpass_bearing.jpg,image,-31.589774,28.784358,2026-08-23T04:56:00Z,USER-CTR-01,sha256:0e47f892ed3f5bcbab19be3330a052177258fa48e6a762088c8da9af9712b8ad,Upstream inlet
EVID-0129,inspection,INSP-1129,harbour_road_ponding.jpg,image,-31.521351,28.866963,2026-08-23T08:50:00Z,USER-INS-01,sha256:a39ec5c2130bc2585c87b98fba83106ab76ed0013f523f2907c37fa51af056ab,Close-up of defect
EVID-0130,inspection,INSP-1130,makhanda_guardrail.jpg,image,-34.02953,24.770946,2026-06-24T17:39:00Z,USER-INS-01,sha256:7d567320722b82b940e2b3262e38ea1b9d44f3977488d9ff479564d791726f77,Context photo of asset face
EVID-0131,inspection,INSP-1131,mthatha_ring_debris.jpg,image,-34.049859,24.921332,2026-08-05T04:27:00Z,USER-INS-01,sha256:bfc8ca8b80c9b3953f593ba5c5a296f10e3e8e55f0b423310fc1ffe23ad54a61,Safety barrier condition
EVID-0132,inspection,INSP-1132,qumbu_mitre_drain.jpg,image,-33.544001,25.691438,2026-08-14T17:04:00Z,USER-CTR-01,sha256:e57d1d731ae222a6a0186c56b2ef3aa773b1b088c021a5c1ab885b3579359450,Close-up of defect
EVID-0133,inspection,INSP-1133,humansdorp_crossing.jpg,image,-32.957724,27.75984,2026-07-20T16:24:00Z,USER-CTR-01,sha256:2f38302af265acae8c77fef8ac5d260862cba0a68e0c64341adb526c55a71f1e,Context photo of asset face
EVID-0134,inspection,INSP-1134,jeffreys_sand_inlet.jpg,image,-32.999566,25.701175,2026-06-16T08:04:00Z,USER-CTR-01,sha256:6393b3a252fa5c730ec24addc45f4416df010dc082f986800f847c2cb57b90db,Upstream inlet
EVID-0135,inspection,INSP-1135,addo_livestock_grid.jpg,image,-31.628548,28.972214,2026-07-29T05:21:00Z,USER-INS-01,sha256:6c13e0df733ae2fccd30c2e35e75acc0305773aa46131a6ea98bb578deaa3596,Close-up of defect
EVID-0136,inspection,INSP-1136,mdantsane_open_channel.jpg,image,-33.441232,25.970763,2026-07-30T22:54:00Z,USER-INS-01,sha256:ad0d88ff082fcdbb7065b8800327af231545d62de4cc90a4d44687c9a540d459,Temporary works in place
EVID-0137,inspection,INSP-1137,psj_terrace_wall.jpg,image,-34.170739,24.83132,2026-06-27T09:23:00Z,USER-CTR-01,sha256:e84e090832fc0e8864f6a0bf7604d24184147f6681c1cefd50658b248573a3af,Temporary works in place
EVID-0138,inspection,INSP-1138,paterson_n10_marker.jpg,image,-32.880656,27.391362,2026-07-25T05:20:00Z,USER-INS-01,sha256:ffa1700aa7bf26c301b8350ca7c35c253a81a3ddc99728a2d6450cca4abb2b7f,Safety barrier condition
EVID-0139,inspection,INSP-1139,stfrancis_causeway_scour.jpg,image,-32.329424,28.151408,2026-07-31T08:16:00Z,USER-INS-01,sha256:8b5ba87705060e0952711b583311ff86bd933094c98eb955b1e3ca8cdc3f0f44,Safety barrier condition
EVID-0140,inspection,INSP-1140,qonce_signal_mast.jpg,image,-33.695558,25.820377,2026-06-16T16:48:00Z,USER-INS-01,sha256:fc4d6d02d3886bdee2224e19759ea91a2fd2033f7ebc603c4bfafc8570c3c635,Context photo of asset face
EVID-0141,inspection,INSP-1141,butterworth_screen.jpg,image,-33.960742,25.601525,2026-07-26T04:02:00Z,USER-INS-01,sha256:6dc98d2fc799e07e26c26e62aaa9cb701dd024ab879cff869158019f557984d3,Upstream inlet
EVID-0142,inspection,INSP-1142,colchester_floodplain.jpg,image,-33.871598,25.611803,2026-08-26T09:22:00Z,USER-INS-01,sha256:7f018c26f2691810cf7996d66cac47fd620495759a97de7a7506034b1d8bea97,Close-up of defect
EVID-0143,inspection,INSP-1143,temp_repair_bags.jpg,image,-33.421582,25.447326,2026-08-02T09:41:00Z,USER-CTR-01,sha256:bf587275237288d3131991946883cb5d98a5515e1141830dd280104ebcde1388,Context photo of asset face
EVID-0144,inspection,INSP-1144,inspector_checklist_board.jpg,image,-33.805347,25.589308,2026-06-12T12:35:00Z,USER-INS-01,sha256:d4c2d037c2f47b78cb81db276168c23126feba65418d4260fce87f48d8b28c07,Context photo of asset face
EVID-0145,inspection,INSP-1145,night_works_lighting.jpg,image,-33.014568,27.906066,2026-07-28T04:03:00Z,USER-CTR-01,sha256:721dd63beb614ce62a14876e4912c3c333d68f9836caf6bafaaa75c898d1636e,Downstream outlet
EVID-0146,inspection,INSP-1146,parapet_spall.jpg,image,-33.024609,27.875789,2026-06-23T07:19:00Z,USER-INS-01,sha256:ade6fcb5b7fcf0d1ad323909feebfe8382118c9ca294bd853d4c5e3448322e19,Context photo of asset face
EVID-0147,inspection,INSP-1147,catchpit_grate.jpg,image,-33.310592,26.530674,2026-08-12T13:36:00Z,USER-CTR-01,sha256:fee45f0a72c5b48d2fe481cdd71b0ed3462aba99ecd31f0a7bd6fc1b8a6a7395,Temporary works in place
EVID-0148,inspection,INSP-1148,gantry_bolt_corrosion.jpg,image,-31.588323,28.7849,2026-07-04T01:31:00Z,USER-INS-01,sha256:a6c40810034fdb2c819ea918d7c5f7576513e28e673d8bbed12bfcc887ea78e0,Temporary works in place
EVID-0149,inspection,INSP-1149,channel_vegetation.jpg,image,-31.521239,28.868597,2026-07-28T18:33:00Z,USER-INS-01,sha256:f9fa9b8347bcc1f3776df55ae8e18fb26259c6cc8f9a52219ff7e7c43a9b1034,Temporary works in place
EVID-0150,inspection,INSP-1150,evidence_wide_context.jpg,image,-34.027465,24.770473,2026-08-14T23:12:00Z,USER-CTR-01,sha256:1a7e0410286120f420f132698aa741b71985f529d0cec2e50c0950ff76d81125,Close-up of defect
EVID-0151,inspection,INSP-1151,culvert_block_20260801.jpg,image,-33.959703,25.602955,2026-07-11T05:28:00Z,USER-CTR-01,sha256:c89982d8497e6ca24bd2c329c3454d7493b24ad75096ae78fe9048f7d7c38f01,Downstream outlet
EVID-0152,inspection,INSP-1152,r72_bridge_west_deck.jpg,image,-33.869838,25.610307,2026-07-19T09:51:00Z,USER-CTR-01,sha256:15f0f5d79835bfda5ec114f0ee4b81b81df4a09f2a90ffc9d8fbe494ee6bc8e7,Temporary works in place
EVID-0153,inspection,INSP-1153,washout_lane_closure.jpg,image,-33.422396,25.448585,2026-06-10T05:04:00Z,USER-INS-01,sha256:50d3ba679d0b0fec9020b4735eeb47a80f777cdc083d4c9ef3497c24f2f912e7,Upstream inlet
EVID-0154,inspection,INSP-1154,swartkops_silt_cell.jpg,image,-33.803358,25.58975,2026-07-17T21:04:00Z,USER-INS-01,sha256:c1b3b4862dd553ba7ec13cb4975599f34a139a1f778f406d64da6c6b4cfab878,Context photo of asset face
EVID-0155,inspection,INSP-1155,n2_gqeberha_shoulder.jpg,image,-33.016163,27.904764,2026-08-11T02:20:00Z,USER-INS-01,sha256:6f4cabc76b14b4faff170f4bedcba20b77c99a64a510404d6a73daeac7261c45,Close-up of defect
EVID-0156,inspection,INSP-1156,sundays_river_joint.jpg,image,-33.024765,27.87445,2026-07-25T16:16:00Z,USER-CTR-01,sha256:dc945807ef691ffb69b48773e545ebf82de4ea4839de894eaebdce53cf2cf11e,Close-up of defect
EVID-0157,inspection,INSP-1157,motherwell_inlet.jpg,image,-33.310605,26.530087,2026-06-24T23:57:00Z,USER-INS-01,sha256:01963f44da029069b6350f2f618dc44393f494b7b4b096c4a393a393dbeef930,Downstream outlet
EVID-0158,inspection,INSP-1158,buffalo_overpass_bearing.jpg,image,-31.590197,28.785125,2026-08-12T12:03:00Z,USER-CTR-01,sha256:0e47f892ed3f5bcbab19be3330a052177258fa48e6a762088c8da9af9712b8ad,Temporary works in place
EVID-0159,inspection,INSP-1159,harbour_road_ponding.jpg,image,-31.520392,28.86865,2026-06-12T00:11:00Z,USER-INS-01,sha256:a39ec5c2130bc2585c87b98fba83106ab76ed0013f523f2907c37fa51af056ab,Upstream inlet
EVID-0160,inspection,INSP-1160,makhanda_guardrail.jpg,image,-33.001373,25.699403,2026-07-21T01:08:00Z,USER-INS-01,sha256:7d567320722b82b940e2b3262e38ea1b9d44f3977488d9ff479564d791726f77,Context photo of asset face
EVID-0161,inspection,INSP-1161,mthatha_ring_debris.jpg,image,-34.050959,24.922089,2026-08-29T15:54:00Z,USER-CTR-01,sha256:bfc8ca8b80c9b3953f593ba5c5a296f10e3e8e55f0b423310fc1ffe23ad54a61,Context photo of asset face
EVID-0162,inspection,INSP-1162,qumbu_mitre_drain.jpg,image,-33.546284,25.690152,2026-06-08T17:59:00Z,USER-INS-01,sha256:e57d1d731ae222a6a0186c56b2ef3aa773b1b088c021a5c1ab885b3579359450,Close-up of defect
EVID-0163,inspection,INSP-1163,humansdorp_crossing.jpg,image,-32.957177,27.760383,2026-07-28T00:28:00Z,USER-CTR-01,sha256:2f38302af265acae8c77fef8ac5d260862cba0a68e0c64341adb526c55a71f1e,Downstream outlet
EVID-0164,inspection,INSP-1164,jeffreys_sand_inlet.jpg,image,-33.00009,25.699143,2026-08-21T23:31:00Z,USER-INS-01,sha256:6393b3a252fa5c730ec24addc45f4416df010dc082f986800f847c2cb57b90db,Safety barrier condition
EVID-0165,inspection,INSP-1165,addo_livestock_grid.jpg,image,-31.627838,28.971849,2026-06-08T10:36:00Z,USER-INS-01,sha256:6c13e0df733ae2fccd30c2e35e75acc0305773aa46131a6ea98bb578deaa3596,Upstream inlet
EVID-0166,inspection,INSP-1166,mdantsane_open_channel.jpg,image,-33.441623,25.97203,2026-07-20T02:40:00Z,USER-CTR-01,sha256:ad0d88ff082fcdbb7065b8800327af231545d62de4cc90a4d44687c9a540d459,Context photo of asset face
EVID-0167,inspection,INSP-1167,psj_terrace_wall.jpg,image,-34.170835,24.832184,2026-08-08T13:48:00Z,USER-CTR-01,sha256:e84e090832fc0e8864f6a0bf7604d24184147f6681c1cefd50658b248573a3af,Downstream outlet
EVID-0168,inspection,INSP-1168,paterson_n10_marker.jpg,image,-32.881092,27.390901,2026-06-15T10:09:00Z,USER-INS-01,sha256:ffa1700aa7bf26c301b8350ca7c35c253a81a3ddc99728a2d6450cca4abb2b7f,Context photo of asset face
EVID-0169,inspection,INSP-1169,stfrancis_causeway_scour.jpg,image,-32.330387,28.151555,2026-07-27T06:33:00Z,USER-CTR-01,sha256:8b5ba87705060e0952711b583311ff86bd933094c98eb955b1e3ca8cdc3f0f44,Downstream outlet
EVID-0170,inspection,INSP-1170,qonce_signal_mast.jpg,image,-33.694874,25.820673,2026-08-16T14:16:00Z,USER-INS-01,sha256:fc4d6d02d3886bdee2224e19759ea91a2fd2033f7ebc603c4bfafc8570c3c635,Temporary works in place
EVID-0171,inspection,INSP-1171,butterworth_screen.jpg,image,-33.961226,25.603262,2026-06-14T02:51:00Z,USER-CTR-01,sha256:6dc98d2fc799e07e26c26e62aaa9cb701dd024ab879cff869158019f557984d3,Safety barrier condition
EVID-0172,inspection,INSP-1172,colchester_floodplain.jpg,image,-33.869465,25.609977,2026-06-07T05:19:00Z,USER-INS-01,sha256:7f018c26f2691810cf7996d66cac47fd620495759a97de7a7506034b1d8bea97,Downstream outlet
EVID-0173,inspection,INSP-1173,temp_repair_bags.jpg,image,-33.421907,25.447356,2026-06-27T12:08:00Z,USER-CTR-01,sha256:bf587275237288d3131991946883cb5d98a5515e1141830dd280104ebcde1388,Safety barrier condition
EVID-0174,inspection,INSP-1174,inspector_checklist_board.jpg,image,-33.803667,25.589652,2026-07-24T22:39:00Z,USER-INS-01,sha256:d4c2d037c2f47b78cb81db276168c23126feba65418d4260fce87f48d8b28c07,Temporary works in place
EVID-0175,inspection,INSP-1175,night_works_lighting.jpg,image,-33.015924,27.90457,2026-07-15T23:32:00Z,USER-CTR-01,sha256:721dd63beb614ce62a14876e4912c3c333d68f9836caf6bafaaa75c898d1636e,Upstream inlet
EVID-0176,inspection,INSP-1176,parapet_spall.jpg,image,-33.024928,27.876216,2026-07-05T10:05:00Z,USER-CTR-01,sha256:ade6fcb5b7fcf0d1ad323909feebfe8382118c9ca294bd853d4c5e3448322e19,Context photo of asset face
EVID-0177,inspection,INSP-1177,catchpit_grate.jpg,image,-33.310534,26.530926,2026-07-30T14:10:00Z,USER-INS-01,sha256:fee45f0a72c5b48d2fe481cdd71b0ed3462aba99ecd31f0a7bd6fc1b8a6a7395,Temporary works in place
EVID-0178,inspection,INSP-1178,gantry_bolt_corrosion.jpg,image,-31.5891,28.784153,2026-08-01T23:19:00Z,USER-CTR-01,sha256:a6c40810034fdb2c819ea918d7c5f7576513e28e673d8bbed12bfcc887ea78e0,Context photo of asset face
EVID-0179,inspection,INSP-1179,channel_vegetation.jpg,image,-31.521503,28.868432,2026-08-20T01:18:00Z,USER-CTR-01,sha256:f9fa9b8347bcc1f3776df55ae8e18fb26259c6cc8f9a52219ff7e7c43a9b1034,Upstream inlet
EVID-0180,inspection,INSP-1180,evidence_wide_context.jpg,image,-34.027575,24.76974,2026-08-10T04:13:00Z,USER-CTR-01,sha256:1a7e0410286120f420f132698aa741b71985f529d0cec2e50c0950ff76d81125,Upstream inlet
EVID-0181,inspection,INSP-1181,culvert_block_20260801.jpg,image,-34.050626,24.921786,2026-06-23T04:18:00Z,USER-CTR-01,sha256:c89982d8497e6ca24bd2c329c3454d7493b24ad75096ae78fe9048f7d7c38f01,Temporary works in place
EVID-0182,inspection,INSP-1182,r72_bridge_west_deck.jpg,image,-33.545094,25.689544,2026-06-29T09:28:00Z,USER-CTR-01,sha256:15f0f5d79835bfda5ec114f0ee4b81b81df4a09f2a90ffc9d8fbe494ee6bc8e7,Downstream outlet
EVID-0183,inspection,INSP-1183,washout_lane_closure.jpg,image,-32.958852,27.759307,2026-07-04T19:45:00Z,USER-INS-01,sha256:50d3ba679d0b0fec9020b4735eeb47a80f777cdc083d4c9ef3497c24f2f912e7,Upstream inlet
EVID-0184,inspection,INSP-1184,swartkops_silt_cell.jpg,image,-33.000768,25.700909,2026-06-27T14:34:00Z,USER-INS-01,sha256:c1b3b4862dd553ba7ec13cb4975599f34a139a1f778f406d64da6c6b4cfab878,Context photo of asset face
EVID-0185,inspection,INSP-1185,n2_gqeberha_shoulder.jpg,image,-31.629037,28.971872,2026-06-15T03:04:00Z,USER-INS-01,sha256:6f4cabc76b14b4faff170f4bedcba20b77c99a64a510404d6a73daeac7261c45,Context photo of asset face
EVID-0186,inspection,INSP-1186,sundays_river_joint.jpg,image,-33.440196,25.97194,2026-08-25T06:44:00Z,USER-INS-01,sha256:dc945807ef691ffb69b48773e545ebf82de4ea4839de894eaebdce53cf2cf11e,Safety barrier condition
EVID-0187,inspection,INSP-1187,motherwell_inlet.jpg,image,-34.171054,24.830046,2026-06-11T12:28:00Z,USER-CTR-01,sha256:01963f44da029069b6350f2f618dc44393f494b7b4b096c4a393a393dbeef930,Safety barrier condition
EVID-0188,inspection,INSP-1188,buffalo_overpass_bearing.jpg,image,-32.880495,27.391285,2026-07-25T18:46:00Z,USER-CTR-01,sha256:0e47f892ed3f5bcbab19be3330a052177258fa48e6a762088c8da9af9712b8ad,Safety barrier condition
EVID-0189,inspection,INSP-1189,harbour_road_ponding.jpg,image,-32.329584,28.150543,2026-06-22T04:33:00Z,USER-CTR-01,sha256:a39ec5c2130bc2585c87b98fba83106ab76ed0013f523f2907c37fa51af056ab,Upstream inlet
EVID-0190,inspection,INSP-1190,makhanda_guardrail.jpg,image,-33.694133,25.820914,2026-07-13T15:32:00Z,USER-CTR-01,sha256:7d567320722b82b940e2b3262e38ea1b9d44f3977488d9ff479564d791726f77,Safety barrier condition
EVID-0191,inspection,INSP-1191,mthatha_ring_debris.jpg,image,-33.959139,25.602921,2026-08-25T09:52:00Z,USER-INS-01,sha256:bfc8ca8b80c9b3953f593ba5c5a296f10e3e8e55f0b423310fc1ffe23ad54a61,Safety barrier condition
EVID-0192,inspection,INSP-1192,qumbu_mitre_drain.jpg,image,-33.871246,25.611878,2026-07-31T12:15:00Z,USER-INS-01,sha256:e57d1d731ae222a6a0186c56b2ef3aa773b1b088c021a5c1ab885b3579359450,Close-up of defect
EVID-0193,inspection,INSP-1193,humansdorp_crossing.jpg,image,-33.420122,25.447301,2026-06-19T15:52:00Z,USER-INS-01,sha256:2f38302af265acae8c77fef8ac5d260862cba0a68e0c64341adb526c55a71f1e,Close-up of defect
EVID-0194,inspection,INSP-1194,jeffreys_sand_inlet.jpg,image,-33.805097,25.588916,2026-07-04T12:52:00Z,USER-CTR-01,sha256:6393b3a252fa5c730ec24addc45f4416df010dc082f986800f847c2cb57b90db,Upstream inlet
EVID-0195,inspection,INSP-1195,addo_livestock_grid.jpg,image,-33.016115,27.905974,2026-06-21T13:20:00Z,USER-INS-01,sha256:6c13e0df733ae2fccd30c2e35e75acc0305773aa46131a6ea98bb578deaa3596,Safety barrier condition
EVID-0196,inspection,INSP-1196,mdantsane_open_channel.jpg,image,-33.025681,27.876386,2026-08-27T04:48:00Z,USER-CTR-01,sha256:ad0d88ff082fcdbb7065b8800327af231545d62de4cc90a4d44687c9a540d459,Context photo of asset face
EVID-0197,inspection,INSP-1197,psj_terrace_wall.jpg,image,-33.310469,26.530854,2026-08-28T22:56:00Z,USER-CTR-01,sha256:e84e090832fc0e8864f6a0bf7604d24184147f6681c1cefd50658b248573a3af,Downstream outlet
EVID-0198,inspection,INSP-1198,paterson_n10_marker.jpg,image,-31.589353,28.785201,2026-07-22T08:31:00Z,USER-INS-01,sha256:ffa1700aa7bf26c301b8350ca7c35c253a81a3ddc99728a2d6450cca4abb2b7f,Temporary works in place
EVID-0199,inspection,INSP-1199,stfrancis_causeway_scour.jpg,image,-31.520505,28.868154,2026-08-03T03:44:00Z,USER-INS-01,sha256:8b5ba87705060e0952711b583311ff86bd933094c98eb955b1e3ca8cdc3f0f44,Context photo of asset face
EVID-0200,inspection,INSP-1200,qonce_signal_mast.jpg,image,-34.028605,24.769356,2026-08-21T06:49:00Z,USER-INS-01,sha256:fc4d6d02d3886bdee2224e19759ea91a2fd2033f7ebc603c4bfafc8570c3c635,Safety barrier condition
EVID-0201,incident,INC-301,butterworth_screen.jpg,image,-33.95948,25.603255,2026-08-17T04:04:00Z,USER-INS-01,sha256:6dc98d2fc799e07e26c26e62aaa9cb701dd024ab879cff869158019f557984d3,Safety barrier condition
EVID-0202,incident,INC-302,colchester_floodplain.jpg,image,-32.999529,25.700786,2026-08-02T14:48:00Z,USER-PUB-01,sha256:7f018c26f2691810cf7996d66cac47fd620495759a97de7a7506034b1d8bea97,Downstream outlet
EVID-0203,incident,INC-303,temp_repair_bags.jpg,image,-33.420293,25.447534,2026-07-11T09:21:00Z,USER-PUB-01,sha256:bf587275237288d3131991946883cb5d98a5515e1141830dd280104ebcde1388,Upstream inlet
EVID-0204,incident,INC-304,inspector_checklist_board.jpg,image,-33.804027,25.589035,2026-08-05T18:06:00Z,USER-CTR-01,sha256:d4c2d037c2f47b78cb81db276168c23126feba65418d4260fce87f48d8b28c07,Downstream outlet
EVID-0205,incident,INC-305,night_works_lighting.jpg,image,-33.015633,27.905484,2026-08-14T03:22:00Z,USER-INS-01,sha256:721dd63beb614ce62a14876e4912c3c333d68f9836caf6bafaaa75c898d1636e,Temporary works in place
EVID-0206,incident,INC-306,parapet_spall.jpg,image,-33.025336,27.87515,2026-08-15T14:11:00Z,USER-CTR-01,sha256:ade6fcb5b7fcf0d1ad323909feebfe8382118c9ca294bd853d4c5e3448322e19,Temporary works in place
EVID-0207,incident,INC-307,catchpit_grate.jpg,image,-33.31083,26.53169,2026-07-20T13:09:00Z,USER-MGR-01,sha256:fee45f0a72c5b48d2fe481cdd71b0ed3462aba99ecd31f0a7bd6fc1b8a6a7395,Downstream outlet
EVID-0208,incident,INC-308,gantry_bolt_corrosion.jpg,image,-31.590551,28.784962,2026-08-10T14:10:00Z,USER-INS-01,sha256:a6c40810034fdb2c819ea918d7c5f7576513e28e673d8bbed12bfcc887ea78e0,Downstream outlet
EVID-0209,incident,INC-309,channel_vegetation.jpg,image,-31.521327,28.86808,2026-07-18T17:23:00Z,USER-MGR-01,sha256:f9fa9b8347bcc1f3776df55ae8e18fb26259c6cc8f9a52219ff7e7c43a9b1034,Temporary works in place
EVID-0210,incident,INC-310,evidence_wide_context.jpg,image,-34.029364,24.771085,2026-08-10T19:05:00Z,USER-MGR-01,sha256:1a7e0410286120f420f132698aa741b71985f529d0cec2e50c0950ff76d81125,Downstream outlet
EVID-0211,incident,INC-311,culvert_block_20260801.jpg,image,-34.049462,24.921263,2026-06-26T02:11:00Z,USER-MGR-01,sha256:c89982d8497e6ca24bd2c329c3454d7493b24ad75096ae78fe9048f7d7c38f01,Downstream outlet
EVID-0212,incident,INC-312,r72_bridge_west_deck.jpg,image,-33.544651,25.690552,2026-06-28T17:03:00Z,USER-MGR-01,sha256:15f0f5d79835bfda5ec114f0ee4b81b81df4a09f2a90ffc9d8fbe494ee6bc8e7,Close-up of defect
EVID-0213,incident,INC-313,washout_lane_closure.jpg,image,-32.95824,27.761392,2026-08-06T04:14:00Z,USER-MGR-01,sha256:50d3ba679d0b0fec9020b4735eeb47a80f777cdc083d4c9ef3497c24f2f912e7,Temporary works in place
EVID-0214,incident,INC-314,swartkops_silt_cell.jpg,image,-33.000237,25.70014,2026-08-20T16:12:00Z,USER-INS-01,sha256:c1b3b4862dd553ba7ec13cb4975599f34a139a1f778f406d64da6c6b4cfab878,Context photo of asset face
EVID-0215,incident,INC-315,n2_gqeberha_shoulder.jpg,image,-31.628163,28.970582,2026-06-17T00:10:00Z,USER-CTR-01,sha256:6f4cabc76b14b4faff170f4bedcba20b77c99a64a510404d6a73daeac7261c45,Temporary works in place
EVID-0216,incident,INC-316,sundays_river_joint.jpg,image,-33.440584,25.970326,2026-07-22T23:17:00Z,USER-INS-01,sha256:dc945807ef691ffb69b48773e545ebf82de4ea4839de894eaebdce53cf2cf11e,Safety barrier condition
EVID-0217,incident,INC-317,motherwell_inlet.jpg,image,-34.171531,24.830363,2026-08-02T04:07:00Z,USER-INS-01,sha256:01963f44da029069b6350f2f618dc44393f494b7b4b096c4a393a393dbeef930,Context photo of asset face
EVID-0218,incident,INC-318,buffalo_overpass_bearing.jpg,image,-32.880901,27.391095,2026-07-16T18:12:00Z,USER-INS-01,sha256:0e47f892ed3f5bcbab19be3330a052177258fa48e6a762088c8da9af9712b8ad,Temporary works in place
EVID-0219,incident,INC-319,harbour_road_ponding.jpg,image,-32.331222,28.150284,2026-08-17T09:15:00Z,USER-PUB-01,sha256:a39ec5c2130bc2585c87b98fba83106ab76ed0013f523f2907c37fa51af056ab,Safety barrier condition
EVID-0220,incident,INC-320,makhanda_guardrail.jpg,image,-33.695347,25.821415,2026-07-30T23:22:00Z,USER-PUB-01,sha256:7d567320722b82b940e2b3262e38ea1b9d44f3977488d9ff479564d791726f77,Context photo of asset face
EVID-0221,incident,INC-321,mthatha_ring_debris.jpg,image,-33.960719,25.602173,2026-06-11T17:15:00Z,USER-MGR-01,sha256:bfc8ca8b80c9b3953f593ba5c5a296f10e3e8e55f0b423310fc1ffe23ad54a61,Close-up of defect
EVID-0222,incident,INC-322,qumbu_mitre_drain.jpg,image,-33.869295,25.610739,2026-08-08T04:18:00Z,USER-CTR-01,sha256:e57d1d731ae222a6a0186c56b2ef3aa773b1b088c021a5c1ab885b3579359450,Downstream outlet
EVID-0223,incident,INC-323,humansdorp_crossing.jpg,image,-33.421574,25.44891,2026-07-14T14:09:00Z,USER-MGR-01,sha256:2f38302af265acae8c77fef8ac5d260862cba0a68e0c64341adb526c55a71f1e,Temporary works in place
EVID-0224,incident,INC-324,jeffreys_sand_inlet.jpg,image,-33.803406,25.588117,2026-07-03T08:01:00Z,USER-INS-01,sha256:6393b3a252fa5c730ec24addc45f4416df010dc082f986800f847c2cb57b90db,Upstream inlet
EVID-0225,incident,INC-325,addo_livestock_grid.jpg,image,-33.016481,27.906049,2026-07-31T21:25:00Z,USER-INS-01,sha256:6c13e0df733ae2fccd30c2e35e75acc0305773aa46131a6ea98bb578deaa3596,Close-up of defect
EVID-0226,incident,INC-326,mdantsane_open_channel.jpg,image,-33.024243,27.875754,2026-06-27T23:22:00Z,USER-CTR-01,sha256:ad0d88ff082fcdbb7065b8800327af231545d62de4cc90a4d44687c9a540d459,Close-up of defect
EVID-0227,incident,INC-327,psj_terrace_wall.jpg,image,-33.310754,26.530883,2026-07-10T22:01:00Z,USER-PUB-01,sha256:e84e090832fc0e8864f6a0bf7604d24184147f6681c1cefd50658b248573a3af,Temporary works in place
EVID-0228,incident,INC-328,paterson_n10_marker.jpg,image,-31.590579,28.785188,2026-07-14T04:21:00Z,USER-CTR-01,sha256:ffa1700aa7bf26c301b8350ca7c35c253a81a3ddc99728a2d6450cca4abb2b7f,Close-up of defect
EVID-0229,incident,INC-329,stfrancis_causeway_scour.jpg,image,-31.520557,28.86692,2026-07-19T13:09:00Z,USER-PUB-01,sha256:8b5ba87705060e0952711b583311ff86bd933094c98eb955b1e3ca8cdc3f0f44,Safety barrier condition
EVID-0230,incident,INC-330,qonce_signal_mast.jpg,image,-34.027668,24.769733,2026-07-17T19:23:00Z,USER-CTR-01,sha256:fc4d6d02d3886bdee2224e19759ea91a2fd2033f7ebc603c4bfafc8570c3c635,Temporary works in place
EVID-0231,work_order,WO-001,butterworth_screen.jpg,image,-33.960639,25.603149,2026-08-24T08:12:00Z,USER-ADMIN-01,sha256:6dc98d2fc799e07e26c26e62aaa9cb701dd024ab879cff869158019f557984d3,Upstream inlet
EVID-0232,work_order,WO-002,colchester_floodplain.jpg,image,-33.000795,25.70002,2026-08-07T08:22:00Z,USER-MGR-01,sha256:7f018c26f2691810cf7996d66cac47fd620495759a97de7a7506034b1d8bea97,Safety barrier condition
EVID-0233,work_order,WO-003,temp_repair_bags.jpg,image,-33.420422,25.447853,2026-07-30T08:04:00Z,USER-ADMIN-01,sha256:bf587275237288d3131991946883cb5d98a5515e1141830dd280104ebcde1388,Context photo of asset face
EVID-0234,work_order,WO-004,inspector_checklist_board.jpg,image,-33.804172,25.58949,2026-08-14T08:12:00Z,USER-MGR-01,sha256:d4c2d037c2f47b78cb81db276168c23126feba65418d4260fce87f48d8b28c07,Safety barrier condition
EVID-0235,work_order,WO-005,night_works_lighting.jpg,image,-33.015046,27.905462,2026-08-31T08:10:00Z,USER-MGR-01,sha256:721dd63beb614ce62a14876e4912c3c333d68f9836caf6bafaaa75c898d1636e,Temporary works in place
EVID-0236,work_order,WO-006,parapet_spall.jpg,image,-33.026041,27.874353,2026-08-27T08:09:00Z,USER-ADMIN-01,sha256:ade6fcb5b7fcf0d1ad323909feebfe8382118c9ca294bd853d4c5e3448322e19,Temporary works in place
EVID-0237,work_order,WO-007,catchpit_grate.jpg,image,-33.31062,26.530565,2026-08-10T08:21:00Z,USER-MGR-01,sha256:fee45f0a72c5b48d2fe481cdd71b0ed3462aba99ecd31f0a7bd6fc1b8a6a7395,Temporary works in place
EVID-0238,work_order,WO-008,gantry_bolt_corrosion.jpg,image,-31.588315,28.784564,2026-08-14T08:07:00Z,USER-ADMIN-01,sha256:a6c40810034fdb2c819ea918d7c5f7576513e28e673d8bbed12bfcc887ea78e0,Close-up of defect
EVID-0239,work_order,WO-009,channel_vegetation.jpg,image,-31.520758,28.867477,2026-08-02T08:02:00Z,USER-ADMIN-01,sha256:f9fa9b8347bcc1f3776df55ae8e18fb26259c6cc8f9a52219ff7e7c43a9b1034,Safety barrier condition
EVID-0240,work_order,WO-010,evidence_wide_context.jpg,image,-34.02863,24.769767,2026-08-25T08:05:00Z,USER-MGR-01,sha256:1a7e0410286120f420f132698aa741b71985f529d0cec2e50c0950ff76d81125,Temporary works in place
EVID-0241,work_order,WO-011,culvert_block_20260801.jpg,image,-34.051739,24.921394,2026-07-16T08:10:00Z,USER-MGR-01,sha256:c89982d8497e6ca24bd2c329c3454d7493b24ad75096ae78fe9048f7d7c38f01,Downstream outlet
EVID-0242,work_order,WO-012,r72_bridge_west_deck.jpg,image,-33.544223,25.690071,2026-07-09T08:24:00Z,USER-ADMIN-01,sha256:15f0f5d79835bfda5ec114f0ee4b81b81df4a09f2a90ffc9d8fbe494ee6bc8e7,Context photo of asset face
EVID-0243,work_order,WO-013,washout_lane_closure.jpg,image,-32.957901,27.761587,2026-08-11T08:07:00Z,USER-MGR-01,sha256:50d3ba679d0b0fec9020b4735eeb47a80f777cdc083d4c9ef3497c24f2f912e7,Downstream outlet
EVID-0244,work_order,WO-014,swartkops_silt_cell.jpg,image,-32.999656,25.699434,2026-09-04T08:18:00Z,USER-MGR-01,sha256:c1b3b4862dd553ba7ec13cb4975599f34a139a1f778f406d64da6c6b4cfab878,Temporary works in place
EVID-0245,work_order,WO-015,n2_gqeberha_shoulder.jpg,image,-31.627516,28.972376,2026-06-29T08:22:00Z,USER-MGR-01,sha256:6f4cabc76b14b4faff170f4bedcba20b77c99a64a510404d6a73daeac7261c45,Downstream outlet
EVID-0246,work_order,WO-016,sundays_river_joint.jpg,image,-33.440582,25.972029,2026-08-10T08:22:00Z,USER-MGR-01,sha256:dc945807ef691ffb69b48773e545ebf82de4ea4839de894eaebdce53cf2cf11e,Safety barrier condition
EVID-0247,work_order,WO-017,motherwell_inlet.jpg,image,-34.171165,24.830134,2026-08-18T08:05:00Z,USER-ADMIN-01,sha256:01963f44da029069b6350f2f618dc44393f494b7b4b096c4a393a393dbeef930,Temporary works in place
EVID-0248,work_order,WO-018,buffalo_overpass_bearing.jpg,image,-32.880879,27.39194,2026-08-01T08:25:00Z,USER-ADMIN-01,sha256:0e47f892ed3f5bcbab19be3330a052177258fa48e6a762088c8da9af9712b8ad,Close-up of defect
EVID-0249,work_order,WO-019,harbour_road_ponding.jpg,image,-32.329427,28.151559,2026-08-29T08:21:00Z,USER-ADMIN-01,sha256:a39ec5c2130bc2585c87b98fba83106ab76ed0013f523f2907c37fa51af056ab,Context photo of asset face
EVID-0250,work_order,WO-020,makhanda_guardrail.jpg,image,-33.695767,25.819736,2026-08-15T08:10:00Z,USER-MGR-01,sha256:7d567320722b82b940e2b3262e38ea1b9d44f3977488d9ff479564d791726f77,Upstream inlet
EVID-0251,work_order,WO-021,mthatha_ring_debris.jpg,image,-33.959409,25.601795,2026-06-16T08:09:00Z,USER-MGR-01,sha256:bfc8ca8b80c9b3953f593ba5c5a296f10e3e8e55f0b423310fc1ffe23ad54a61,Safety barrier condition
EVID-0252,work_order,WO-022,qumbu_mitre_drain.jpg,image,-33.870894,25.611643,2026-08-23T08:16:00Z,USER-MGR-01,sha256:e57d1d731ae222a6a0186c56b2ef3aa773b1b088c021a5c1ab885b3579359450,Context photo of asset face
EVID-0253,work_order,WO-023,humansdorp_crossing.jpg,image,-33.420321,25.448301,2026-08-04T08:20:00Z,USER-MGR-01,sha256:2f38302af265acae8c77fef8ac5d260862cba0a68e0c64341adb526c55a71f1e,Context photo of asset face
EVID-0254,work_order,WO-024,jeffreys_sand_inlet.jpg,image,-33.804267,25.588367,2026-07-16T08:04:00Z,USER-MGR-01,sha256:6393b3a252fa5c730ec24addc45f4416df010dc082f986800f847c2cb57b90db,Temporary works in place
EVID-0255,work_order,WO-025,addo_livestock_grid.jpg,image,-33.015684,27.904716,2026-08-18T08:02:00Z,USER-MGR-01,sha256:6c13e0df733ae2fccd30c2e35e75acc0305773aa46131a6ea98bb578deaa3596,Close-up of defect
EVID-0256,work_order,WO-026,mdantsane_open_channel.jpg,image,-33.02597,27.874681,2026-07-10T08:14:00Z,USER-ADMIN-01,sha256:ad0d88ff082fcdbb7065b8800327af231545d62de4cc90a4d44687c9a540d459,Safety barrier condition
EVID-0257,work_order,WO-027,psj_terrace_wall.jpg,image,-33.309257,26.532268,2026-07-24T08:05:00Z,USER-MGR-01,sha256:e84e090832fc0e8864f6a0bf7604d24184147f6681c1cefd50658b248573a3af,Downstream outlet
EVID-0258,work_order,WO-028,paterson_n10_marker.jpg,image,-31.58853,28.783433,2026-07-27T08:03:00Z,USER-ADMIN-01,sha256:ffa1700aa7bf26c301b8350ca7c35c253a81a3ddc99728a2d6450cca4abb2b7f,Upstream inlet
EVID-0259,work_order,WO-029,stfrancis_causeway_scour.jpg,image,-31.521202,28.869268,2026-07-29T08:11:00Z,USER-ADMIN-01,sha256:8b5ba87705060e0952711b583311ff86bd933094c98eb955b1e3ca8cdc3f0f44,Temporary works in place
EVID-0260,work_order,WO-030,qonce_signal_mast.jpg,image,-34.029461,24.770085,2026-07-26T08:07:00Z,USER-ADMIN-01,sha256:fc4d6d02d3886bdee2224e19759ea91a2fd2033f7ebc603c4bfafc8570c3c635,Close-up of defect
EVID-0261,work_order,WO-031,butterworth_screen.jpg,image,-33.959917,25.60138,2026-09-04T08:25:00Z,USER-ADMIN-01,sha256:6dc98d2fc799e07e26c26e62aaa9cb701dd024ab879cff869158019f557984d3,Context photo of asset face
EVID-0262,work_order,WO-032,colchester_floodplain.jpg,image,-33.001089,25.699941,2026-08-16T08:14:00Z,USER-MGR-01,sha256:7f018c26f2691810cf7996d66cac47fd620495759a97de7a7506034b1d8bea97,Upstream inlet
EVID-0263,work_order,WO-033,temp_repair_bags.jpg,image,-33.42137,25.448046,2026-07-16T08:01:00Z,USER-MGR-01,sha256:bf587275237288d3131991946883cb5d98a5515e1141830dd280104ebcde1388,Context photo of asset face
EVID-0264,work_order,WO-034,inspector_checklist_board.jpg,image,-33.804119,25.589654,2026-08-15T08:01:00Z,USER-MGR-01,sha256:d4c2d037c2f47b78cb81db276168c23126feba65418d4260fce87f48d8b28c07,Downstream outlet
EVID-0265,work_order,WO-035,night_works_lighting.jpg,image,-33.014784,27.905274,2026-09-01T08:01:00Z,USER-MGR-01,sha256:721dd63beb614ce62a14876e4912c3c333d68f9836caf6bafaaa75c898d1636e,Temporary works in place
EVID-0266,work_order,WO-036,parapet_spall.jpg,image,-33.02629,27.875961,2026-09-03T08:08:00Z,USER-ADMIN-01,sha256:ade6fcb5b7fcf0d1ad323909feebfe8382118c9ca294bd853d4c5e3448322e19,Temporary works in place
EVID-0267,work_order,WO-037,catchpit_grate.jpg,image,-33.309295,26.530649,2026-08-05T08:04:00Z,USER-MGR-01,sha256:fee45f0a72c5b48d2fe481cdd71b0ed3462aba99ecd31f0a7bd6fc1b8a6a7395,Upstream inlet
EVID-0268,work_order,WO-038,gantry_bolt_corrosion.jpg,image,-31.589392,28.783735,2026-08-20T08:03:00Z,USER-ADMIN-01,sha256:a6c40810034fdb2c819ea918d7c5f7576513e28e673d8bbed12bfcc887ea78e0,Context photo of asset face
EVID-0269,work_order,WO-039,channel_vegetation.jpg,image,-31.521284,28.867598,2026-08-02T08:24:00Z,USER-MGR-01,sha256:f9fa9b8347bcc1f3776df55ae8e18fb26259c6cc8f9a52219ff7e7c43a9b1034,Safety barrier condition
EVID-0270,work_order,WO-040,evidence_wide_context.jpg,image,-34.028169,24.769811,2026-08-15T08:22:00Z,USER-MGR-01,sha256:1a7e0410286120f420f132698aa741b71985f529d0cec2e50c0950ff76d81125,Close-up of defect
EVID-0271,work_order,WO-041,culvert_block_20260801.jpg,image,-34.050977,24.922363,2026-07-16T08:12:00Z,USER-MGR-01,sha256:c89982d8497e6ca24bd2c329c3454d7493b24ad75096ae78fe9048f7d7c38f01,Close-up of defect
EVID-0272,work_order,WO-042,r72_bridge_west_deck.jpg,image,-33.546004,25.691277,2026-07-11T08:13:00Z,USER-MGR-01,sha256:15f0f5d79835bfda5ec114f0ee4b81b81df4a09f2a90ffc9d8fbe494ee6bc8e7,Context photo of asset face
EVID-0273,work_order,WO-043,washout_lane_closure.jpg,image,-32.958752,27.760945,2026-08-27T08:05:00Z,USER-ADMIN-01,sha256:50d3ba679d0b0fec9020b4735eeb47a80f777cdc083d4c9ef3497c24f2f912e7,Close-up of defect
EVID-0274,work_order,WO-044,swartkops_silt_cell.jpg,image,-32.999638,25.700315,2026-09-02T08:06:00Z,USER-MGR-01,sha256:c1b3b4862dd553ba7ec13cb4975599f34a139a1f778f406d64da6c6b4cfab878,Context photo of asset face
EVID-0275,work_order,WO-045,n2_gqeberha_shoulder.jpg,image,-31.62852,28.971761,2026-06-25T08:02:00Z,USER-ADMIN-01,sha256:6f4cabc76b14b4faff170f4bedcba20b77c99a64a510404d6a73daeac7261c45,Upstream inlet
EVID-0276,work_order,WO-046,sundays_river_joint.jpg,image,-33.439696,25.970614,2026-07-27T08:18:00Z,USER-MGR-01,sha256:dc945807ef691ffb69b48773e545ebf82de4ea4839de894eaebdce53cf2cf11e,Safety barrier condition
EVID-0277,work_order,WO-047,motherwell_inlet.jpg,image,-34.171483,24.832287,2026-08-07T08:22:00Z,USER-MGR-01,sha256:01963f44da029069b6350f2f618dc44393f494b7b4b096c4a393a393dbeef930,Context photo of asset face
EVID-0278,work_order,WO-048,buffalo_overpass_bearing.jpg,image,-32.879931,27.390047,2026-08-03T08:23:00Z,USER-MGR-01,sha256:0e47f892ed3f5bcbab19be3330a052177258fa48e6a762088c8da9af9712b8ad,Context photo of asset face
EVID-0279,work_order,WO-049,harbour_road_ponding.jpg,image,-32.3307,28.150313,2026-08-29T08:18:00Z,USER-MGR-01,sha256:a39ec5c2130bc2585c87b98fba83106ab76ed0013f523f2907c37fa51af056ab,Downstream outlet
EVID-0280,work_order,WO-050,makhanda_guardrail.jpg,image,-33.695161,25.819568,2026-08-06T08:23:00Z,USER-ADMIN-01,sha256:7d567320722b82b940e2b3262e38ea1b9d44f3977488d9ff479564d791726f77,Temporary works in place
EVID-0281,work_order,WO-051,mthatha_ring_debris.jpg,image,-33.959787,25.601723,2026-06-23T08:22:00Z,USER-MGR-01,sha256:bfc8ca8b80c9b3953f593ba5c5a296f10e3e8e55f0b423310fc1ffe23ad54a61,Context photo of asset face
EVID-0282,work_order,WO-052,qumbu_mitre_drain.jpg,image,-33.87001,25.610248,2026-08-25T08:20:00Z,USER-MGR-01,sha256:e57d1d731ae222a6a0186c56b2ef3aa773b1b088c021a5c1ab885b3579359450,Temporary works in place
EVID-0283,work_order,WO-053,humansdorp_crossing.jpg,image,-33.422071,25.448894,2026-07-19T08:04:00Z,USER-MGR-01,sha256:2f38302af265acae8c77fef8ac5d260862cba0a68e0c64341adb526c55a71f1e,Safety barrier condition
EVID-0284,work_order,WO-054,jeffreys_sand_inlet.jpg,image,-33.803675,25.588183,2026-07-08T08:04:00Z,USER-MGR-01,sha256:6393b3a252fa5c730ec24addc45f4416df010dc082f986800f847c2cb57b90db,Context photo of asset face
EVID-0285,work_order,WO-055,addo_livestock_grid.jpg,image,-33.015405,27.905462,2026-08-08T08:25:00Z,USER-ADMIN-01,sha256:6c13e0df733ae2fccd30c2e35e75acc0305773aa46131a6ea98bb578deaa3596,Downstream outlet
EVID-0286,work_order,WO-056,mdantsane_open_channel.jpg,image,-33.024304,27.876535,2026-07-13T08:12:00Z,USER-MGR-01,sha256:ad0d88ff082fcdbb7065b8800327af231545d62de4cc90a4d44687c9a540d459,Temporary works in place
EVID-0287,work_order,WO-057,psj_terrace_wall.jpg,image,-33.310417,26.530285,2026-07-28T08:18:00Z,USER-MGR-01,sha256:e84e090832fc0e8864f6a0bf7604d24184147f6681c1cefd50658b248573a3af,Upstream inlet
EVID-0288,work_order,WO-058,paterson_n10_marker.jpg,image,-31.588415,28.784652,2026-07-29T08:16:00Z,USER-ADMIN-01,sha256:ffa1700aa7bf26c301b8350ca7c35c253a81a3ddc99728a2d6450cca4abb2b7f,Downstream outlet
EVID-0289,work_order,WO-059,stfrancis_causeway_scour.jpg,image,-31.521437,28.866931,2026-07-26T08:03:00Z,USER-ADMIN-01,sha256:8b5ba87705060e0952711b583311ff86bd933094c98eb955b1e3ca8cdc3f0f44,Context photo of asset face
EVID-0290,work_order,WO-060,qonce_signal_mast.jpg,image,-34.027595,24.770606,2026-07-29T08:05:00Z,USER-MGR-01,sha256:fc4d6d02d3886bdee2224e19759ea91a2fd2033f7ebc603c4bfafc8570c3c635,Context photo of asset face
EVID-0291,work_order,WO-061,butterworth_screen.jpg,image,-33.959429,25.60118,2026-09-01T08:24:00Z,USER-MGR-01,sha256:6dc98d2fc799e07e26c26e62aaa9cb701dd024ab879cff869158019f557984d3,Context photo of asset face
EVID-0292,work_order,WO-062,colchester_floodplain.jpg,image,-32.999229,25.700446,2026-08-22T08:15:00Z,USER-MGR-01,sha256:7f018c26f2691810cf7996d66cac47fd620495759a97de7a7506034b1d8bea97,Downstream outlet
EVID-0293,work_order,WO-063,temp_repair_bags.jpg,image,-33.421766,25.44702,2026-07-16T08:06:00Z,USER-ADMIN-01,sha256:bf587275237288d3131991946883cb5d98a5515e1141830dd280104ebcde1388,Context photo of asset face
EVID-0294,work_order,WO-064,inspector_checklist_board.jpg,image,-33.803355,25.588765,2026-08-15T08:22:00Z,USER-ADMIN-01,sha256:d4c2d037c2f47b78cb81db276168c23126feba65418d4260fce87f48d8b28c07,Downstream outlet
EVID-0295,work_order,WO-065,night_works_lighting.jpg,image,-33.015578,27.904278,2026-09-01T08:25:00Z,USER-ADMIN-01,sha256:721dd63beb614ce62a14876e4912c3c333d68f9836caf6bafaaa75c898d1636e,Context photo of asset face
EVID-0296,work_order,WO-066,parapet_spall.jpg,image,-33.026277,27.874532,2026-09-04T08:21:00Z,USER-MGR-01,sha256:ade6fcb5b7fcf0d1ad323909feebfe8382118c9ca294bd853d4c5e3448322e19,Close-up of defect
EVID-0297,work_order,WO-067,catchpit_grate.jpg,image,-33.310611,26.532047,2026-08-03T08:20:00Z,USER-ADMIN-01,sha256:fee45f0a72c5b48d2fe481cdd71b0ed3462aba99ecd31f0a7bd6fc1b8a6a7395,Downstream outlet
EVID-0298,work_order,WO-068,gantry_bolt_corrosion.jpg,image,-31.588492,28.783223,2026-08-16T08:11:00Z,USER-MGR-01,sha256:a6c40810034fdb2c819ea918d7c5f7576513e28e673d8bbed12bfcc887ea78e0,Close-up of defect
EVID-0299,work_order,WO-069,channel_vegetation.jpg,image,-31.521727,28.867861,2026-08-04T08:15:00Z,USER-MGR-01,sha256:f9fa9b8347bcc1f3776df55ae8e18fb26259c6cc8f9a52219ff7e7c43a9b1034,Downstream outlet
EVID-0300,work_order,WO-070,evidence_wide_context.jpg,image,-34.027594,24.770656,2026-08-16T08:16:00Z,USER-MGR-01,sha256:1a7e0410286120f420f132698aa741b71985f529d0cec2e50c0950ff76d81125,Upstream inlet
EVID-0301,work_order,WO-071,culvert_block_20260801.jpg,image,-34.050243,24.922113,2026-07-13T08:04:00Z,USER-ADMIN-01,sha256:c89982d8497e6ca24bd2c329c3454d7493b24ad75096ae78fe9048f7d7c38f01,Close-up of defect
EVID-0302,work_order,WO-072,r72_bridge_west_deck.jpg,image,-33.544729,25.689241,2026-07-15T08:06:00Z,USER-MGR-01,sha256:15f0f5d79835bfda5ec114f0ee4b81b81df4a09f2a90ffc9d8fbe494ee6bc8e7,Context photo of asset face
EVID-0303,work_order,WO-073,washout_lane_closure.jpg,image,-32.958302,27.760618,2026-08-12T08:19:00Z,USER-MGR-01,sha256:50d3ba679d0b0fec9020b4735eeb47a80f777cdc083d4c9ef3497c24f2f912e7,Temporary works in place
EVID-0304,work_order,WO-074,swartkops_silt_cell.jpg,image,-33.000348,25.700367,2026-09-02T08:25:00Z,USER-MGR-01,sha256:c1b3b4862dd553ba7ec13cb4975599f34a139a1f778f406d64da6c6b4cfab878,Downstream outlet
EVID-0305,work_order,WO-075,n2_gqeberha_shoulder.jpg,image,-32.999933,25.70097,2026-08-10T08:24:00Z,USER-MGR-01,sha256:6f4cabc76b14b4faff170f4bedcba20b77c99a64a510404d6a73daeac7261c45,Close-up of defect
EVID-0306,work_order,WO-076,sundays_river_joint.jpg,image,-33.440641,25.971171,2026-07-30T08:14:00Z,USER-ADMIN-01,sha256:dc945807ef691ffb69b48773e545ebf82de4ea4839de894eaebdce53cf2cf11e,Upstream inlet
EVID-0307,work_order,WO-077,motherwell_inlet.jpg,image,-34.17149,24.830528,2026-08-11T08:11:00Z,USER-MGR-01,sha256:01963f44da029069b6350f2f618dc44393f494b7b4b096c4a393a393dbeef930,Context photo of asset face
EVID-0308,work_order,WO-078,buffalo_overpass_bearing.jpg,image,-32.879809,27.391627,2026-07-21T08:25:00Z,USER-ADMIN-01,sha256:0e47f892ed3f5bcbab19be3330a052177258fa48e6a762088c8da9af9712b8ad,Temporary works in place
EVID-0309,work_order,WO-079,harbour_road_ponding.jpg,image,-32.330316,28.150756,2026-08-28T08:22:00Z,USER-ADMIN-01,sha256:a39ec5c2130bc2585c87b98fba83106ab76ed0013f523f2907c37fa51af056ab,Downstream outlet
EVID-0310,work_order,WO-080,makhanda_guardrail.jpg,image,-33.695054,25.820852,2026-08-20T08:20:00Z,USER-MGR-01,sha256:7d567320722b82b940e2b3262e38ea1b9d44f3977488d9ff479564d791726f77,Context photo of asset face
EVID-0311,inspection,INSP-1001,mthatha_ring_debris.jpg,image,-33.000361,25.700644,2026-08-01T09:31:00Z,USER-INS-01,sha256:bfc8ca8b80c9b3953f593ba5c5a296f10e3e8e55f0b423310fc1ffe23ad54a61,Downstream outlet
EVID-0312,inspection,INSP-1002,qumbu_mitre_drain.jpg,image,-33.870007,25.611139,2026-08-28T14:50:00Z,USER-INS-01,sha256:e57d1d731ae222a6a0186c56b2ef3aa773b1b088c021a5c1ab885b3579359450,Safety barrier condition
EVID-0313,inspection,INSP-1003,humansdorp_crossing.jpg,image,-33.420259,25.448371,2026-07-08T21:01:00Z,USER-CTR-01,sha256:2f38302af265acae8c77fef8ac5d260862cba0a68e0c64341adb526c55a71f1e,Temporary works in place
EVID-0314,inspection,INSP-1004,jeffreys_sand_inlet.jpg,image,-33.803158,25.589113,2026-06-13T09:31:00Z,USER-CTR-01,sha256:6393b3a252fa5c730ec24addc45f4416df010dc082f986800f847c2cb57b90db,Upstream inlet
EVID-0315,inspection,INSP-1005,addo_livestock_grid.jpg,image,-33.014513,27.90418,2026-07-12T19:01:00Z,USER-CTR-01,sha256:6c13e0df733ae2fccd30c2e35e75acc0305773aa46131a6ea98bb578deaa3596,Downstream outlet
EVID-0316,inspection,INSP-1006,mdantsane_open_channel.jpg,image,-33.025722,27.876528,2026-08-19T23:02:00Z,USER-INS-01,sha256:ad0d88ff082fcdbb7065b8800327af231545d62de4cc90a4d44687c9a540d459,Safety barrier condition
EVID-0317,inspection,INSP-1007,psj_terrace_wall.jpg,image,-33.310866,26.531444,2026-07-13T17:28:00Z,USER-INS-01,sha256:e84e090832fc0e8864f6a0bf7604d24184147f6681c1cefd50658b248573a3af,Close-up of defect
EVID-0318,inspection,INSP-1008,paterson_n10_marker.jpg,image,-31.590411,28.784066,2026-06-14T04:04:00Z,USER-INS-01,sha256:ffa1700aa7bf26c301b8350ca7c35c253a81a3ddc99728a2d6450cca4abb2b7f,Upstream inlet
EVID-0319,inspection,INSP-1009,stfrancis_causeway_scour.jpg,image,-31.521789,28.868096,2026-06-29T16:56:00Z,USER-CTR-01,sha256:8b5ba87705060e0952711b583311ff86bd933094c98eb955b1e3ca8cdc3f0f44,Context photo of asset face
EVID-0320,inspection,INSP-1010,qonce_signal_mast.jpg,image,-32.999046,25.700689,2026-07-16T13:46:00Z,USER-INS-01,sha256:fc4d6d02d3886bdee2224e19759ea91a2fd2033f7ebc603c4bfafc8570c3c635,Context photo of asset face
EVID-0321,inspection,INSP-1011,butterworth_screen.jpg,image,-34.050832,24.920286,2026-07-03T16:48:00Z,USER-INS-01,sha256:6dc98d2fc799e07e26c26e62aaa9cb701dd024ab879cff869158019f557984d3,Context photo of asset face
EVID-0322,inspection,INSP-1012,colchester_floodplain.jpg,image,-33.544418,25.691,2026-06-09T21:05:00Z,USER-INS-01,sha256:7f018c26f2691810cf7996d66cac47fd620495759a97de7a7506034b1d8bea97,Temporary works in place
EVID-0323,inspection,INSP-1013,temp_repair_bags.jpg,image,-32.958569,27.76042,2026-06-12T21:22:00Z,USER-INS-01,sha256:bf587275237288d3131991946883cb5d98a5515e1141830dd280104ebcde1388,Temporary works in place
EVID-0324,inspection,INSP-1014,inspector_checklist_board.jpg,image,-32.999788,25.701181,2026-08-11T20:42:00Z,USER-INS-01,sha256:d4c2d037c2f47b78cb81db276168c23126feba65418d4260fce87f48d8b28c07,Context photo of asset face
EVID-0325,inspection,INSP-1015,night_works_lighting.jpg,image,-31.62744,28.972226,2026-07-22T11:56:00Z,USER-INS-01,sha256:721dd63beb614ce62a14876e4912c3c333d68f9836caf6bafaaa75c898d1636e,Safety barrier condition
EVID-0326,inspection,INSP-1016,parapet_spall.jpg,image,-33.439958,25.97144,2026-07-07T16:53:00Z,USER-CTR-01,sha256:ade6fcb5b7fcf0d1ad323909feebfe8382118c9ca294bd853d4c5e3448322e19,Temporary works in place
EVID-0327,inspection,INSP-1017,catchpit_grate.jpg,image,-34.170728,24.830986,2026-06-02T15:34:00Z,USER-INS-01,sha256:fee45f0a72c5b48d2fe481cdd71b0ed3462aba99ecd31f0a7bd6fc1b8a6a7395,Temporary works in place
EVID-0328,inspection,INSP-1018,gantry_bolt_corrosion.jpg,image,-32.880968,27.390819,2026-07-17T18:51:00Z,USER-CTR-01,sha256:a6c40810034fdb2c819ea918d7c5f7576513e28e673d8bbed12bfcc887ea78e0,Downstream outlet
EVID-0329,inspection,INSP-1019,channel_vegetation.jpg,image,-32.330386,28.150297,2026-08-26T13:49:00Z,USER-CTR-01,sha256:f9fa9b8347bcc1f3776df55ae8e18fb26259c6cc8f9a52219ff7e7c43a9b1034,Context photo of asset face
EVID-0330,inspection,INSP-1020,evidence_wide_context.jpg,image,-33.694147,25.820382,2026-06-23T14:53:00Z,USER-INS-01,sha256:1a7e0410286120f420f132698aa741b71985f529d0cec2e50c0950ff76d81125,Temporary works in place
EVID-0331,inspection,INSP-1021,culvert_block_20260801.jpg,image,-33.959568,25.601257,2026-06-14T03:35:00Z,USER-INS-01,sha256:c89982d8497e6ca24bd2c329c3454d7493b24ad75096ae78fe9048f7d7c38f01,Close-up of defect
EVID-0332,inspection,INSP-1022,r72_bridge_west_deck.jpg,image,-33.87115,25.611833,2026-07-23T21:43:00Z,USER-CTR-01,sha256:15f0f5d79835bfda5ec114f0ee4b81b81df4a09f2a90ffc9d8fbe494ee6bc8e7,Close-up of defect
EVID-0333,inspection,INSP-1023,washout_lane_closure.jpg,image,-33.421303,25.448775,2026-08-09T15:38:00Z,USER-CTR-01,sha256:50d3ba679d0b0fec9020b4735eeb47a80f777cdc083d4c9ef3497c24f2f912e7,Downstream outlet
EVID-0334,inspection,INSP-1024,swartkops_silt_cell.jpg,image,-33.805141,25.588895,2026-08-10T13:36:00Z,USER-INS-01,sha256:c1b3b4862dd553ba7ec13cb4975599f34a139a1f778f406d64da6c6b4cfab878,Temporary works in place
EVID-0335,inspection,INSP-1025,n2_gqeberha_shoulder.jpg,image,-33.015187,27.905853,2026-07-05T09:00:00Z,USER-CTR-01,sha256:6f4cabc76b14b4faff170f4bedcba20b77c99a64a510404d6a73daeac7261c45,Upstream inlet
EVID-0336,inspection,INSP-1026,sundays_river_joint.jpg,image,-33.02472,27.876495,2026-07-18T20:05:00Z,USER-CTR-01,sha256:dc945807ef691ffb69b48773e545ebf82de4ea4839de894eaebdce53cf2cf11e,Upstream inlet
EVID-0337,inspection,INSP-1027,motherwell_inlet.jpg,image,-33.31139,26.531667,2026-06-06T00:18:00Z,USER-CTR-01,sha256:01963f44da029069b6350f2f618dc44393f494b7b4b096c4a393a393dbeef930,Upstream inlet
EVID-0338,inspection,INSP-1028,buffalo_overpass_bearing.jpg,image,-31.588587,28.784159,2026-07-24T20:02:00Z,USER-CTR-01,sha256:0e47f892ed3f5bcbab19be3330a052177258fa48e6a762088c8da9af9712b8ad,Close-up of defect
EVID-0339,inspection,INSP-1029,harbour_road_ponding.jpg,image,-31.52034,28.867317,2026-06-01T13:20:00Z,USER-INS-01,sha256:a39ec5c2130bc2585c87b98fba83106ab76ed0013f523f2907c37fa51af056ab,Context photo of asset face
EVID-0340,inspection,INSP-1030,makhanda_guardrail.jpg,image,-34.02867,24.770441,2026-07-22T13:41:00Z,USER-INS-01,sha256:7d567320722b82b940e2b3262e38ea1b9d44f3977488d9ff479564d791726f77,Safety barrier condition
EVID-0341,inspection,INSP-1031,mthatha_ring_debris.jpg,image,-34.049685,24.921205,2026-08-12T02:05:00Z,USER-INS-01,sha256:bfc8ca8b80c9b3953f593ba5c5a296f10e3e8e55f0b423310fc1ffe23ad54a61,Temporary works in place
EVID-0342,inspection,INSP-1032,qumbu_mitre_drain.jpg,image,-33.54457,25.689757,2026-07-23T03:41:00Z,USER-CTR-01,sha256:e57d1d731ae222a6a0186c56b2ef3aa773b1b088c021a5c1ab885b3579359450,Downstream outlet
EVID-0343,inspection,INSP-1033,humansdorp_crossing.jpg,image,-32.958213,27.75952,2026-07-07T18:59:00Z,USER-CTR-01,sha256:2f38302af265acae8c77fef8ac5d260862cba0a68e0c64341adb526c55a71f1e,Safety barrier condition
EVID-0344,inspection,INSP-1034,jeffreys_sand_inlet.jpg,image,-32.99972,25.700696,2026-06-17T05:25:00Z,USER-CTR-01,sha256:6393b3a252fa5c730ec24addc45f4416df010dc082f986800f847c2cb57b90db,Temporary works in place
EVID-0345,inspection,INSP-1035,addo_livestock_grid.jpg,image,-31.628085,28.970953,2026-06-13T18:09:00Z,USER-CTR-01,sha256:6c13e0df733ae2fccd30c2e35e75acc0305773aa46131a6ea98bb578deaa3596,Safety barrier condition
EVID-0346,inspection,INSP-1036,mdantsane_open_channel.jpg,image,-33.440282,25.970482,2026-07-12T22:35:00Z,USER-CTR-01,sha256:ad0d88ff082fcdbb7065b8800327af231545d62de4cc90a4d44687c9a540d459,Temporary works in place
EVID-0347,inspection,INSP-1037,psj_terrace_wall.jpg,image,-34.170903,24.830729,2026-06-09T20:37:00Z,USER-CTR-01,sha256:e84e090832fc0e8864f6a0bf7604d24184147f6681c1cefd50658b248573a3af,Close-up of defect
EVID-0348,inspection,INSP-1038,paterson_n10_marker.jpg,image,-32.879145,27.39156,2026-08-15T19:51:00Z,USER-INS-01,sha256:ffa1700aa7bf26c301b8350ca7c35c253a81a3ddc99728a2d6450cca4abb2b7f,Safety barrier condition
EVID-0349,inspection,INSP-1039,stfrancis_causeway_scour.jpg,image,-32.330398,28.150929,2026-07-18T15:08:00Z,USER-CTR-01,sha256:8b5ba87705060e0952711b583311ff86bd933094c98eb955b1e3ca8cdc3f0f44,Context photo of asset face
EVID-0350,inspection,INSP-1040,qonce_signal_mast.jpg,image,-33.694474,25.820549,2026-07-28T14:49:00Z,USER-INS-01,sha256:fc4d6d02d3886bdee2224e19759ea91a2fd2033f7ebc603c4bfafc8570c3c635,Safety barrier condition
EVID-0351,inspection,INSP-1041,butterworth_screen.jpg,image,-33.959038,25.602704,2026-06-12T07:07:00Z,USER-CTR-01,sha256:6dc98d2fc799e07e26c26e62aaa9cb701dd024ab879cff869158019f557984d3,Temporary works in place
EVID-0352,inspection,INSP-1042,colchester_floodplain.jpg,image,-33.869455,25.610881,2026-08-06T18:14:00Z,USER-CTR-01,sha256:7f018c26f2691810cf7996d66cac47fd620495759a97de7a7506034b1d8bea97,Context photo of asset face
EVID-0353,inspection,INSP-1043,temp_repair_bags.jpg,image,-33.421145,25.446961,2026-08-11T19:20:00Z,USER-CTR-01,sha256:bf587275237288d3131991946883cb5d98a5515e1141830dd280104ebcde1388,Context photo of asset face
EVID-0354,inspection,INSP-1044,inspector_checklist_board.jpg,image,-33.803791,25.58838,2026-06-29T12:10:00Z,USER-INS-01,sha256:d4c2d037c2f47b78cb81db276168c23126feba65418d4260fce87f48d8b28c07,Close-up of defect
EVID-0355,inspection,INSP-1045,night_works_lighting.jpg,image,-33.01424,27.90564,2026-06-15T14:50:00Z,USER-CTR-01,sha256:721dd63beb614ce62a14876e4912c3c333d68f9836caf6bafaaa75c898d1636e,Context photo of asset face
EVID-0356,inspection,INSP-1046,parapet_spall.jpg,image,-33.024643,27.874908,2026-07-27T01:55:00Z,USER-INS-01,sha256:ade6fcb5b7fcf0d1ad323909feebfe8382118c9ca294bd853d4c5e3448322e19,Safety barrier condition
EVID-0357,inspection,INSP-1047,catchpit_grate.jpg,image,-33.311322,26.531854,2026-07-31T00:19:00Z,USER-INS-01,sha256:fee45f0a72c5b48d2fe481cdd71b0ed3462aba99ecd31f0a7bd6fc1b8a6a7395,Safety barrier condition
EVID-0358,inspection,INSP-1048,gantry_bolt_corrosion.jpg,image,-31.588517,28.784775,2026-06-27T07:23:00Z,USER-CTR-01,sha256:a6c40810034fdb2c819ea918d7c5f7576513e28e673d8bbed12bfcc887ea78e0,Temporary works in place
EVID-0359,inspection,INSP-1049,channel_vegetation.jpg,image,-31.520447,28.867833,2026-08-03T05:32:00Z,USER-INS-01,sha256:f9fa9b8347bcc1f3776df55ae8e18fb26259c6cc8f9a52219ff7e7c43a9b1034,Temporary works in place
EVID-0360,inspection,INSP-1050,evidence_wide_context.jpg,image,-34.02891,24.770595,2026-06-05T16:43:00Z,USER-INS-01,sha256:1a7e0410286120f420f132698aa741b71985f529d0cec2e50c0950ff76d81125,Upstream inlet
EVID-0361,inspection,INSP-1051,culvert_block_20260801.jpg,image,-33.9603,25.602891,2026-06-18T16:52:00Z,USER-CTR-01,sha256:c89982d8497e6ca24bd2c329c3454d7493b24ad75096ae78fe9048f7d7c38f01,Downstream outlet
EVID-0362,inspection,INSP-1052,r72_bridge_west_deck.jpg,image,-33.869282,25.609729,2026-06-13T01:54:00Z,USER-CTR-01,sha256:15f0f5d79835bfda5ec114f0ee4b81b81df4a09f2a90ffc9d8fbe494ee6bc8e7,Downstream outlet
EVID-0363,inspection,INSP-1053,washout_lane_closure.jpg,image,-33.421913,25.448985,2026-06-27T10:00:00Z,USER-CTR-01,sha256:50d3ba679d0b0fec9020b4735eeb47a80f777cdc083d4c9ef3497c24f2f912e7,Close-up of defect
EVID-0364,inspection,INSP-1054,swartkops_silt_cell.jpg,image,-33.803212,25.589591,2026-08-19T16:06:00Z,USER-CTR-01,sha256:c1b3b4862dd553ba7ec13cb4975599f34a139a1f778f406d64da6c6b4cfab878,Downstream outlet
EVID-0365,inspection,INSP-1055,n2_gqeberha_shoulder.jpg,image,-33.014788,27.905312,2026-07-12T22:05:00Z,USER-CTR-01,sha256:6f4cabc76b14b4faff170f4bedcba20b77c99a64a510404d6a73daeac7261c45,Close-up of defect
EVID-0366,inspection,INSP-1056,sundays_river_joint.jpg,image,-33.024437,27.876514,2026-07-02T07:55:00Z,USER-CTR-01,sha256:dc945807ef691ffb69b48773e545ebf82de4ea4839de894eaebdce53cf2cf11e,Upstream inlet
EVID-0367,inspection,INSP-1057,motherwell_inlet.jpg,image,-33.310974,26.531538,2026-06-03T00:21:00Z,USER-CTR-01,sha256:01963f44da029069b6350f2f618dc44393f494b7b4b096c4a393a393dbeef930,Close-up of defect
EVID-0368,inspection,INSP-1058,buffalo_overpass_bearing.jpg,image,-31.588836,28.783286,2026-08-24T01:47:00Z,USER-CTR-01,sha256:0e47f892ed3f5bcbab19be3330a052177258fa48e6a762088c8da9af9712b8ad,Upstream inlet
EVID-0369,inspection,INSP-1059,harbour_road_ponding.jpg,image,-31.52133,28.867534,2026-08-03T06:51:00Z,USER-CTR-01,sha256:a39ec5c2130bc2585c87b98fba83106ab76ed0013f523f2907c37fa51af056ab,Safety barrier condition
EVID-0370,inspection,INSP-1060,makhanda_guardrail.jpg,image,-32.99937,25.698914,2026-07-17T12:45:00Z,USER-INS-01,sha256:7d567320722b82b940e2b3262e38ea1b9d44f3977488d9ff479564d791726f77,Temporary works in place
EVID-0371,inspection,INSP-1061,mthatha_ring_debris.jpg,image,-34.04955,24.920296,2026-07-03T23:26:00Z,USER-INS-01,sha256:bfc8ca8b80c9b3953f593ba5c5a296f10e3e8e55f0b423310fc1ffe23ad54a61,Safety barrier condition
EVID-0372,inspection,INSP-1062,qumbu_mitre_drain.jpg,image,-33.546278,25.691338,2026-07-04T10:50:00Z,USER-CTR-01,sha256:e57d1d731ae222a6a0186c56b2ef3aa773b1b088c021a5c1ab885b3579359450,Temporary works in place
EVID-0373,inspection,INSP-1063,humansdorp_crossing.jpg,image,-32.958577,27.761096,2026-06-09T01:18:00Z,USER-INS-01,sha256:2f38302af265acae8c77fef8ac5d260862cba0a68e0c64341adb526c55a71f1e,Downstream outlet
EVID-0374,inspection,INSP-1064,jeffreys_sand_inlet.jpg,image,-33.001225,25.700598,2026-07-19T20:02:00Z,USER-CTR-01,sha256:6393b3a252fa5c730ec24addc45f4416df010dc082f986800f847c2cb57b90db,Close-up of defect
EVID-0375,inspection,INSP-1065,addo_livestock_grid.jpg,image,-31.627103,28.971449,2026-06-20T18:17:00Z,USER-INS-01,sha256:6c13e0df733ae2fccd30c2e35e75acc0305773aa46131a6ea98bb578deaa3596,Close-up of defect
EVID-0376,inspection,INSP-1066,mdantsane_open_channel.jpg,image,-33.440802,25.971289,2026-07-23T03:03:00Z,USER-INS-01,sha256:ad0d88ff082fcdbb7065b8800327af231545d62de4cc90a4d44687c9a540d459,Downstream outlet
EVID-0377,inspection,INSP-1067,psj_terrace_wall.jpg,image,-34.171069,24.830412,2026-08-29T11:56:00Z,USER-INS-01,sha256:e84e090832fc0e8864f6a0bf7604d24184147f6681c1cefd50658b248573a3af,Downstream outlet
EVID-0378,inspection,INSP-1068,paterson_n10_marker.jpg,image,-32.880634,27.390524,2026-06-18T05:40:00Z,USER-INS-01,sha256:ffa1700aa7bf26c301b8350ca7c35c253a81a3ddc99728a2d6450cca4abb2b7f,Safety barrier condition
EVID-0379,inspection,INSP-1069,stfrancis_causeway_scour.jpg,image,-32.330427,28.151792,2026-06-28T00:25:00Z,USER-CTR-01,sha256:8b5ba87705060e0952711b583311ff86bd933094c98eb955b1e3ca8cdc3f0f44,Temporary works in place
EVID-0380,inspection,INSP-1070,qonce_signal_mast.jpg,image,-33.696279,25.820805,2026-07-19T14:00:00Z,USER-INS-01,sha256:fc4d6d02d3886bdee2224e19759ea91a2fd2033f7ebc603c4bfafc8570c3c635,Close-up of defect
EVID-0381,inspection,INSP-1071,butterworth_screen.jpg,image,-33.959129,25.602473,2026-08-12T20:20:00Z,USER-INS-01,sha256:6dc98d2fc799e07e26c26e62aaa9cb701dd024ab879cff869158019f557984d3,Close-up of defect
EVID-0382,inspection,INSP-1072,colchester_floodplain.jpg,image,-33.869299,25.611238,2026-07-23T18:41:00Z,USER-CTR-01,sha256:7f018c26f2691810cf7996d66cac47fd620495759a97de7a7506034b1d8bea97,Upstream inlet
EVID-0383,inspection,INSP-1073,temp_repair_bags.jpg,image,-33.420202,25.449168,2026-08-25T16:58:00Z,USER-CTR-01,sha256:bf587275237288d3131991946883cb5d98a5515e1141830dd280104ebcde1388,Downstream outlet
EVID-0384,inspection,INSP-1074,inspector_checklist_board.jpg,image,-33.804103,25.588579,2026-06-05T16:17:00Z,USER-INS-01,sha256:d4c2d037c2f47b78cb81db276168c23126feba65418d4260fce87f48d8b28c07,Downstream outlet
EVID-0385,inspection,INSP-1075,night_works_lighting.jpg,image,-33.015366,27.905221,2026-07-01T05:01:00Z,USER-CTR-01,sha256:721dd63beb614ce62a14876e4912c3c333d68f9836caf6bafaaa75c898d1636e,Context photo of asset face
EVID-0386,inspection,INSP-1076,parapet_spall.jpg,image,-33.025589,27.875764,2026-06-16T20:56:00Z,USER-CTR-01,sha256:ade6fcb5b7fcf0d1ad323909feebfe8382118c9ca294bd853d4c5e3448322e19,Safety barrier condition
EVID-0387,inspection,INSP-1077,catchpit_grate.jpg,image,-33.311202,26.53013,2026-08-10T14:10:00Z,USER-CTR-01,sha256:fee45f0a72c5b48d2fe481cdd71b0ed3462aba99ecd31f0a7bd6fc1b8a6a7395,Safety barrier condition
EVID-0388,inspection,INSP-1078,gantry_bolt_corrosion.jpg,image,-31.58932,28.784505,2026-07-26T11:07:00Z,USER-INS-01,sha256:a6c40810034fdb2c819ea918d7c5f7576513e28e673d8bbed12bfcc887ea78e0,Temporary works in place
EVID-0389,inspection,INSP-1079,channel_vegetation.jpg,image,-31.520489,28.867412,2026-07-03T07:52:00Z,USER-INS-01,sha256:f9fa9b8347bcc1f3776df55ae8e18fb26259c6cc8f9a52219ff7e7c43a9b1034,Upstream inlet
EVID-0390,inspection,INSP-1080,evidence_wide_context.jpg,image,-34.027594,24.769493,2026-07-20T11:08:00Z,USER-INS-01,sha256:1a7e0410286120f420f132698aa741b71985f529d0cec2e50c0950ff76d81125,Temporary works in place
EVID-0391,inspection,INSP-1081,culvert_block_20260801.jpg,image,-34.04994,24.921752,2026-07-24T07:03:00Z,USER-INS-01,sha256:c89982d8497e6ca24bd2c329c3454d7493b24ad75096ae78fe9048f7d7c38f01,Temporary works in place
EVID-0392,inspection,INSP-1082,r72_bridge_west_deck.jpg,image,-33.544753,25.689157,2026-08-25T08:53:00Z,USER-INS-01,sha256:15f0f5d79835bfda5ec114f0ee4b81b81df4a09f2a90ffc9d8fbe494ee6bc8e7,Downstream outlet
EVID-0393,inspection,INSP-1083,washout_lane_closure.jpg,image,-32.959209,27.759376,2026-08-05T18:21:00Z,USER-CTR-01,sha256:50d3ba679d0b0fec9020b4735eeb47a80f777cdc083d4c9ef3497c24f2f912e7,Downstream outlet
EVID-0394,inspection,INSP-1084,swartkops_silt_cell.jpg,image,-33.000061,25.70028,2026-07-29T07:38:00Z,USER-CTR-01,sha256:c1b3b4862dd553ba7ec13cb4975599f34a139a1f778f406d64da6c6b4cfab878,Downstream outlet
EVID-0395,inspection,INSP-1085,n2_gqeberha_shoulder.jpg,image,-31.628422,28.971283,2026-06-26T15:58:00Z,USER-CTR-01,sha256:6f4cabc76b14b4faff170f4bedcba20b77c99a64a510404d6a73daeac7261c45,Upstream inlet
EVID-0396,inspection,INSP-1086,sundays_river_joint.jpg,image,-33.441041,25.970935,2026-07-03T11:19:00Z,USER-CTR-01,sha256:dc945807ef691ffb69b48773e545ebf82de4ea4839de894eaebdce53cf2cf11e,Safety barrier condition
EVID-0397,inspection,INSP-1087,motherwell_inlet.jpg,image,-34.171586,24.831629,2026-08-06T04:18:00Z,USER-CTR-01,sha256:01963f44da029069b6350f2f618dc44393f494b7b4b096c4a393a393dbeef930,Temporary works in place
EVID-0398,inspection,INSP-1088,buffalo_overpass_bearing.jpg,image,-32.880095,27.391682,2026-06-18T07:48:00Z,USER-CTR-01,sha256:0e47f892ed3f5bcbab19be3330a052177258fa48e6a762088c8da9af9712b8ad,Downstream outlet
EVID-0399,inspection,INSP-1089,harbour_road_ponding.jpg,image,-32.329473,28.149655,2026-07-29T02:07:00Z,USER-CTR-01,sha256:a39ec5c2130bc2585c87b98fba83106ab76ed0013f523f2907c37fa51af056ab,Downstream outlet
EVID-0400,inspection,INSP-1090,makhanda_guardrail.jpg,image,-33.694844,25.819876,2026-06-07T10:15:00Z,USER-INS-01,sha256:7d567320722b82b940e2b3262e38ea1b9d44f3977488d9ff479564d791726f77,Upstream inlet
